dep_orbit_id,arr_orbit_id,n_impulse,TOF,DV_total,departure_phase,arrival_phase,dv1_x,dv1_y,dv1_z,dv2_x,dv2_y,dv2_z,dv1_mag,dv2_mag,t_leg1,min_moon_dist,lunar_valid,chain_id,position_residual,tof_idx,rank
L1_Halo_01,L2_Lyapunov_01,2.00000000000,0.421044338489,0.818042527154,0.200000000000,0.200000000000,-0.108527274055,0.382358033285,-0.0599364690564,-0.192215924512,-0.150406059117,0.336985873661,0.401955489021,0.416087038133,0.421044338489,0.194668778911,true,0.00000000000,5.16419720074e-15,7.00000000000,1.00000000000
L1_Halo_01,L2_Lyapunov_01,2.00000000000,0.742088676979,0.551050140136,0.200000000000,0.200000000000,-0.192303676990,0.215443214994,0.112603637716,-0.0780201409508,0.0716292849878,0.216577675102,0.309961388398,0.241088751738,0.742088676979,0.194668778911,true,0.00000000000,3.26137935558e-16,13.0000000000,1.00000000000
L1_Halo_01,L2_Lyapunov_01,2.00000000000,1.06313301547,0.484338906549,0.00000000000,0.200000000000,-0.129218929256,0.121496704225,0.00200668254575,-0.100427317675,0.129996331007,0.259307182176,0.177378148571,0.306960757978,1.06313301547,0.224114535485,true,0.00000000000,2.61983809561e-16,19.0000000000,1.00000000000
L1_Halo_01,L2_Lyapunov_01,2.00000000000,1.38417735396,0.475872161565,0.800000000000,0.200000000000,-0.126093024404,0.121924440645,-0.0642270936222,-0.0973070895290,0.155915451979,0.223138437824,0.186789024263,0.289083137303,1.38417735396,0.194668778921,true,0.00000000000,7.05597707643e-16,25.0000000000,1.00000000000
L1_Halo_01,L2_Lyapunov_01,2.00000000000,1.70522169245,0.472711590901,0.800000000000,0.200000000000,-0.105789967861,0.0623149727864,0.0322069429652,-0.0328662375158,0.223878522385,0.261459600875,0.126932896873,0.345778694028,1.70522169245,0.194668778921,true,0.00000000000,5.85955002537e-15,31.0000000000,1.00000000000
L1_Halo_01,L2_Lyapunov_01,2.00000000000,2.02626603094,0.564805630092,0.800000000000,0.400000000000,0.315574213288,0.0287708778891,-0.323390419930,-0.0509494829231,-0.0467436951239,-0.0881604424853,0.452765072868,0.112040557224,2.02626603094,0.0354947317813,true,0.00000000000,9.23060495244e-12,37.0000000000,1.00000000000
L1_Halo_01,L2_Lyapunov_01,2.00000000000,2.34731036942,0.602491478383,0.600000000000,0.400000000000,-0.348260961024,0.252664754653,-0.219374218171,0.0351312883401,0.0962943227036,0.0614898745143,0.482959856319,0.119531622064,2.34731036942,0.104253537136,true,0.00000000000,2.53621672005e-15,43.0000000000,1.00000000000
L1_Halo_01,L2_Lyapunov_01,2.00000000000,2.66835470791,0.804841118420,0.400000000000,0.600000000000,-0.387419241311,0.593979333468,0.290795676880,0.0117115802219,0.0102143373620,-0.0350898907164,0.766464117110,0.0383770013097,2.66835470791,0.104253537124,true,0.00000000000,3.02922753072e-15,49.0000000000,1.00000000000
L1_Halo_01,L2_Lyapunov_01,2.00000000000,2.98939904640,0.849637128161,0.400000000000,0.800000000000,-0.0918679939830,0.437384824791,-0.144599517445,-0.0800631487093,0.0986805816317,-0.358015394433,0.469738473750,0.379898654411,2.98939904640,0.104253537124,true,0.00000000000,1.15459486445e-14,55.0000000000,1.00000000000
L1_Halo_01,L2_Lyapunov_02,2.00000000000,0.421044338489,0.779494569931,0.200000000000,0.200000000000,-0.0508596361534,0.355610760836,-0.0585831758022,-0.222349878062,-0.0945344512001,0.338053830366,0.363974867675,0.415519702256,0.421044338489,0.194668778911,true,0.00000000000,4.83635949499e-14,7.00000000000,1.00000000000
L1_Halo_01,L2_Lyapunov_02,2.00000000000,0.742088676979,0.546397763351,0.200000000000,0.200000000000,-0.158987242942,0.210581474198,0.114006497655,-0.0914830345341,0.106071323461,0.217810350439,0.287435179129,0.258962584222,0.742088676979,0.194668778911,true,0.00000000000,5.94258445054e-14,13.0000000000,1.00000000000
L1_Halo_01,L2_Lyapunov_02,2.00000000000,1.06313301547,0.488299280085,0.00000000000,0.200000000000,-0.109511785242,0.122941541455,0.00336498912005,-0.110331860824,0.156240422926,0.261049181091,0.164677797150,0.323621482935,1.06313301547,0.224114535485,true,0.00000000000,9.48073595390e-16,19.0000000000,1.00000000000
L1_Halo_01,L2_Lyapunov_02,2.00000000000,1.38417735396,0.489200985199,0.800000000000,0.200000000000,-0.115651794925,0.126004544583,-0.0617326859345,-0.106290155718,0.179449234925,0.225776814545,0.181833460720,0.307367524479,1.38417735396,0.194668778921,true,0.00000000000,8.05482010126e-15,25.0000000000,1.00000000000
L1_Halo_01,L2_Lyapunov_02,2.00000000000,1.70522169245,0.482019113204,0.200000000000,0.400000000000,0.183780746312,-0.172851795219,0.175798866230,-0.124382793861,-0.0713470771991,-0.0994698236321,0.307503410051,0.174515703153,1.70522169245,0.0248574316810,true,0.00000000000,5.79616543654e-12,31.0000000000,1.00000000000
L1_Halo_01,L2_Lyapunov_02,2.00000000000,2.02626603094,0.475922679857,0.800000000000,0.400000000000,-0.118763680647,0.107199549723,0.101017638540,-0.0438830200481,0.0820323129355,0.271197508474,0.189211835248,0.286710844609,2.02626603094,0.194668778921,true,0.00000000000,2.73575517121e-15,37.0000000000,1.00000000000
L1_Halo_01,L2_Lyapunov_02,2.00000000000,2.34731036942,0.623505194566,0.600000000000,0.400000000000,-0.347841446242,0.253819260294,-0.233687312064,0.0441846736397,0.113608487644,0.0546276755789,0.489926166315,0.133579028251,2.34731036942,0.104253537136,true,0.00000000000,5.11386790432e-14,43.0000000000,1.00000000000
L1_Halo_01,L2_Lyapunov_02,2.00000000000,2.66835470791,0.796032380985,0.400000000000,0.800000000000,-0.0764733533336,0.496957848807,-0.0446584473381,-0.0604110707305,0.0666422498418,-0.277007826085,0.504786741288,0.291245639698,2.66835470791,0.104253537124,true,0.00000000000,1.53910120349e-13,49.0000000000,1.00000000000
L1_Halo_01,L2_Lyapunov_02,2.00000000000,2.98939904640,0.643754148678,0.600000000000,0.00000000000,0.373972699349,-0.123541295519,-0.344994758819,-0.115185866858,0.00531280929898,0.0338383814339,0.523583245692,0.120170902986,2.98939904640,0.0406794478511,true,0.00000000000,1.62182322629e-12,55.0000000000,1.00000000000
L1_Halo_01,L2_Lyapunov_03,2.00000000000,0.421044338489,0.762455345881,0.200000000000,0.200000000000,0.00933618735876,0.330165672974,-0.0570345767692,-0.257027059129,-0.0365473434360,0.339353356239,0.335185737990,0.427269607891,0.421044338489,0.194668778911,true,0.00000000000,4.87479217764e-13,7.00000000000,1.00000000000
L1_Halo_01,L2_Lyapunov_03,2.00000000000,0.742088676979,0.550883147065,0.200000000000,0.200000000000,-0.124465801520,0.207078904394,0.115540632981,-0.108144538467,0.142677480119,0.219265600233,0.267811587245,0.283071559820,0.742088676979,0.194668778911,true,0.00000000000,8.83734744313e-12,13.0000000000,1.00000000000
L1_Halo_01,L2_Lyapunov_03,2.00000000000,1.06313301547,0.498781771549,0.00000000000,0.200000000000,-0.0894612298961,0.125769211008,0.00489804780460,-0.122945541441,0.184966047881,0.263168656249,0.154418900930,0.344362870619,1.06313301547,0.224114535485,true,0.00000000000,1.11278624203e-15,19.0000000000,1.00000000000
L1_Halo_01,L2_Lyapunov_03,2.00000000000,1.38417735396,0.508109800610,0.800000000000,0.200000000000,-0.105460479841,0.131605289807,-0.0590154941844,-0.117550966152,0.205765675802,0.228844180845,0.178674826619,0.329434973991,1.38417735396,0.194668778921,true,0.00000000000,7.94285315690e-12,25.0000000000,1.00000000000
L1_Halo_01,L2_Lyapunov_03,2.00000000000,1.70522169245,0.501217870835,0.800000000000,0.200000000000,-0.0947768530016,0.0744426771293,0.0317109431317,-0.0502209167571,0.265856405262,0.261963320456,0.124619211831,0.376598659004,1.70522169245,0.194668778921,true,0.00000000000,1.95584807709e-13,31.0000000000,1.00000000000
L1_Halo_01,L2_Lyapunov_03,2.00000000000,2.02626603094,0.479786378270,0.800000000000,0.400000000000,-0.111111005393,0.105219279495,0.102469464733,-0.0395958222909,0.101459279494,0.274827565451,0.184164989886,0.295621388384,2.02626603094,0.194668778921,true,0.00000000000,2.38599757009e-15,37.0000000000,1.00000000000
L1_Halo_01,L2_Lyapunov_03,2.00000000000,2.34731036942,0.460323943737,0.00000000000,0.400000000000,0.263820395306,-0.117443988761,-0.0111861352026,-0.0637968011031,0.00336944620368,-0.158969949081,0.288997268319,0.171326675418,2.34731036942,0.0496572975415,true,0.00000000000,1.23321242113e-14,43.0000000000,1.00000000000
L1_Halo_01,L2_Lyapunov_03,2.00000000000,2.66835470791,0.658259627373,0.600000000000,0.600000000000,-0.0281369009787,0.0954596261111,0.193555985893,-0.154386254122,0.0504806614551,0.409585483737,0.217642241049,0.440617386324,2.66835470791,0.104253537136,true,0.00000000000,9.11949077509e-13,49.0000000000,1.00000000000
L1_Halo_01,L2_Lyapunov_03,2.00000000000,2.98939904640,0.668754784103,0.600000000000,0.00000000000,0.371872479199,-0.122740212752,-0.345424554148,-0.143396191226,0.000336646949872,0.0303554638828,0.522180450822,0.146574333281,2.98939904640,0.0479562647739,true,0.00000000000,1.11548167811e-13,55.0000000000,1.00000000000
L1_Halo_01,L2_Lyapunov_04,2.00000000000,0.421044338489,0.770573806782,0.200000000000,0.200000000000,0.0724076890302,0.305267498228,-0.0552420298248,-0.295746515742,0.0246511833471,0.340939139818,0.318563652610,0.452010154172,0.421044338489,0.193695652143,true,0.00000000000,5.20062219771e-12,7.00000000000,1.00000000000
L1_Halo_01,L2_Lyapunov_04,2.00000000000,0.742088676979,0.565178625891,0.200000000000,0.200000000000,-0.0883277335499,0.204567122163,0.117240212419,-0.127450150271,0.182041027120,0.220984698647,0.251783167412,0.313395458479,0.742088676979,0.194668778911,true,0.00000000000,3.56646026308e-16,13.0000000000,1.00000000000
L1_Halo_01,L2_Lyapunov_04,2.00000000000,1.06313301547,0.516421332188,0.00000000000,0.200000000000,-0.0686909789296,0.129794490634,0.00665234562927,-0.137652171223,0.216568382622,0.265746771873,0.147001068322,0.369420263866,1.06313301547,0.223776676227,true,0.00000000000,3.88117464375e-15,19.0000000000,1.00000000000
L1_Halo_01,L2_Lyapunov_04,2.00000000000,1.38417735396,0.489237325635,0.200000000000,0.800000000000,-0.0369080696678,-0.187897339574,0.00863375787427,-0.109167234560,0.241544940840,-0.135194181585,0.191682439468,0.297554886166,1.38417735396,0.0673715870661,true,0.00000000000,6.21755819177e-15,25.0000000000,1.00000000000
L1_Halo_01,L2_Lyapunov_04,2.00000000000,1.70522169245,0.513193156921,0.00000000000,0.400000000000,-0.110347354260,0.108988577810,0.173961563797,-0.0360761366851,0.115548183611,0.252627910007,0.233061524847,0.280131632074,1.70522169245,0.224114535485,true,0.00000000000,8.58103491238e-15,31.0000000000,1.00000000000
L1_Halo_01,L2_Lyapunov_04,2.00000000000,2.02626603094,0.487186065526,0.800000000000,0.400000000000,-0.103967021209,0.103759150360,0.103840010924,-0.0380934737512,0.124274410838,0.278460061183,0.179882880372,0.307303185153,2.02626603094,0.194668778921,true,0.00000000000,2.97702507884e-15,37.0000000000,1.00000000000
L1_Halo_01,L2_Lyapunov_04,2.00000000000,2.34731036942,0.647763073890,0.800000000000,0.600000000000,0.00646181783272,0.0272587819550,0.219157477697,-0.122844522802,0.0844810622430,0.399936877056,0.220940707689,0.426822366201,2.34731036942,0.194668778921,true,0.00000000000,2.04416038850e-15,43.0000000000,1.00000000000
L1_Halo_01,L2_Lyapunov_04,2.00000000000,2.66835470791,0.646080859497,0.600000000000,0.00000000000,0.344310176248,-0.120048801629,-0.343032479153,-0.142648178922,-0.00363680172807,0.0281711550487,0.500632094451,0.145448765045,2.66835470791,0.0571320331046,true,0.00000000000,1.55122069658e-14,49.0000000000,1.00000000000
L1_Halo_01,L2_Lyapunov_04,2.00000000000,2.98939904640,0.694422222781,0.600000000000,0.00000000000,0.369414699578,-0.121842668152,-0.345902264362,-0.171626145931,-0.00646793979674,0.0271639345824,0.520539366943,0.173882855838,2.98939904640,0.0560917258378,true,0.00000000000,6.73739197030e-14,55.0000000000,1.00000000000
L1_Halo_01,L2_Lyapunov_05,2.00000000000,0.421044338489,0.685324857070,0.600000000000,0.00000000000,0.373170615788,0.273472669773,-0.346317922930,-0.0729493872233,0.0738324955918,-0.0276613153874,0.577909779587,0.107415077482,0.421044338489,0.0693249042905,true,0.00000000000,1.88992316372e-16,7.00000000000,1.00000000000
L1_Halo_01,L2_Lyapunov_05,2.00000000000,0.742088676979,0.589272345786,0.200000000000,0.200000000000,-0.0503514370411,0.202272592998,0.119171897245,-0.147738830298,0.224380985218,0.223030925803,0.240107080661,0.349165265125,0.742088676979,0.194668778911,true,0.00000000000,9.30950307468e-17,13.0000000000,1.00000000000
L1_Halo_01,L2_Lyapunov_05,2.00000000000,1.06313301547,0.537774667460,0.00000000000,0.400000000000,0.0552256024819,0.191143782660,0.0103726047287,-0.193573790746,0.0689667300921,0.269042546278,0.199232034944,0.338542632516,1.06313301547,0.213367880427,true,0.00000000000,7.03246934897e-14,19.0000000000,1.00000000000
L1_Halo_01,L2_Lyapunov_05,2.00000000000,1.38417735396,0.475457128881,0.400000000000,0.400000000000,0.126397584018,-0.104219755308,0.344581721170,-0.0694770223546,0.0628456591148,0.00658228676195,0.381542486764,0.0939146421164,1.38417735396,0.00230393271235,false,0.00000000000,2.64481815389e-12,25.0000000000,1.00000000000
L1_Halo_01,L2_Lyapunov_05,2.00000000000,1.70522169245,0.524866841686,0.00000000000,0.400000000000,-0.101701075078,0.107403574022,0.175349829155,-0.0358347517499,0.143730636094,0.255647532352,0.229404008181,0.295462833505,1.70522169245,0.222686288646,true,0.00000000000,2.17006536531e-14,31.0000000000,1.00000000000
L1_Halo_01,L2_Lyapunov_05,2.00000000000,2.02626603094,0.498611085098,0.800000000000,0.400000000000,-0.0972014792259,0.102702266568,0.105169778272,-0.0391126486465,0.150981722399,0.282143762826,0.176228730302,0.322382354796,2.02626603094,0.194668778921,true,0.00000000000,2.43013165383e-12,37.0000000000,1.00000000000
L1_Halo_01,L2_Lyapunov_05,2.00000000000,2.34731036942,0.651523038779,0.800000000000,0.600000000000,-0.00315867737731,0.0288057302126,0.220311681439,-0.104017383903,0.113784542733,0.400679081234,0.222209325444,0.429313713335,2.34731036942,0.194668778921,true,0.00000000000,8.89891585679e-16,43.0000000000,1.00000000000
L1_Halo_01,L2_Lyapunov_05,2.00000000000,2.66835470791,0.672889405241,0.600000000000,0.00000000000,0.341658112291,-0.118455790885,-0.343573854793,-0.171783496229,-0.0134113780191,0.0248280508173,0.498803602419,0.174085802822,2.66835470791,0.0662241634787,true,0.00000000000,1.51434295396e-12,49.0000000000,1.00000000000
L1_Halo_01,L2_Lyapunov_05,2.00000000000,2.98939904640,0.720019523858,0.600000000000,0.00000000000,0.366636390499,-0.120867366823,-0.346417814825,-0.199234430554,-0.0157615369544,0.0243289792653,0.518687252233,0.201332271625,2.98939904640,0.0647569966580,true,0.00000000000,2.82066395810e-12,55.0000000000,1.00000000000
L1_Halo_01,L2_Lyapunov_06,2.00000000000,0.421044338489,0.758981842232,0.600000000000,0.00000000000,0.406332142319,0.295364578490,-0.345997968010,-0.137712176394,0.0509482129879,-0.0253937032202,0.609967735192,0.149014107041,0.421044338489,0.0755463984373,true,0.00000000000,1.54946566256e-12,7.00000000000,1.00000000000
L1_Halo_01,L2_Lyapunov_06,2.00000000000,0.742088676979,0.622264543195,0.200000000000,0.200000000000,-0.0102409565673,0.199062160753,0.121460775266,-0.166438733631,0.269522695791,0.225517924652,0.233416668135,0.388847875060,0.742088676979,0.194100136113,true,0.00000000000,6.87962528628e-16,13.0000000000,1.00000000000
L1_Halo_01,L2_Lyapunov_06,2.00000000000,1.06313301547,0.548115373862,0.00000000000,0.400000000000,0.0686160672670,0.183536007820,0.0138449320795,-0.192793474988,0.108016589810,0.273577552822,0.196431446052,0.351683927811,1.06313301547,0.205669368645,true,0.00000000000,2.72055244816e-15,19.0000000000,1.00000000000
L1_Halo_01,L2_Lyapunov_06,2.00000000000,1.38417735396,0.495544162117,0.400000000000,0.400000000000,0.120830094778,-0.0994089395080,0.343411170038,-0.0648684436299,0.0984918212214,0.00741361938713,0.377376841851,0.118167320266,1.38417735396,0.00236143689032,false,0.00000000000,6.83420352065e-13,25.0000000000,1.00000000000
L1_Halo_01,L2_Lyapunov_06,2.00000000000,1.70522169245,0.538264346367,0.800000000000,0.600000000000,0.0959175908859,0.0880691971233,0.0786658643054,-0.164911445401,0.0739804354622,0.341215368040,0.152133776428,0.386130569939,1.70522169245,0.183332181315,true,0.00000000000,3.10488947954e-15,31.0000000000,1.00000000000
L1_Halo_01,L2_Lyapunov_06,2.00000000000,2.02626603094,0.514559321855,0.800000000000,0.400000000000,-0.0905056220955,0.101783892416,0.106594462524,-0.0417669311188,0.181898549189,0.286114674127,0.172955508230,0.341603813625,2.02626603094,0.194668778921,true,0.00000000000,2.71036543541e-15,37.0000000000,1.00000000000
L1_Halo_01,L2_Lyapunov_06,2.00000000000,2.34731036942,0.659063631176,0.800000000000,0.600000000000,-0.0125066378623,0.0302305231481,0.221200600076,-0.0848942944091,0.148915773806,0.400299504361,0.223606811154,0.435456820021,2.34731036942,0.194668778921,true,0.00000000000,3.61156637844e-15,43.0000000000,1.00000000000
L1_Halo_01,L2_Lyapunov_06,2.00000000000,2.66835470791,0.713416497417,0.600000000000,0.400000000000,-0.138120951883,0.104462469619,0.213231397314,-0.00226542301534,0.218363820703,0.380510863354,0.274695165062,0.438721332355,2.66835470791,0.104253537136,true,0.00000000000,2.50490841330e-15,49.0000000000,1.00000000000
L1_Halo_01,L2_Lyapunov_06,2.00000000000,2.98939904640,0.949827764074,0.400000000000,0.600000000000,-0.406030747381,0.487668021987,-0.0293238080827,0.0528889491433,0.138475161662,-0.277465953297,0.635248733338,0.314579030735,2.98939904640,0.104253537124,true,0.00000000000,1.42870449094e-15,55.0000000000,1.00000000000
L1_Halo_01,L2_Lyapunov_07,2.00000000000,0.421044338489,0.845930674393,0.600000000000,0.00000000000,0.439690160899,0.318019518140,-0.345640243109,-0.199624773625,0.0249931576844,-0.0235415983386,0.643374719091,0.202555955302,0.421044338489,0.0787406327068,true,0.00000000000,7.01687795210e-13,7.00000000000,1.00000000000
L1_Halo_01,L2_Lyapunov_07,2.00000000000,0.742088676979,0.606704925126,0.400000000000,0.400000000000,-0.0575104957048,-0.104694226341,0.346009481074,-0.204004694218,-0.127545140084,0.00549862053607,0.366047673314,0.240657251813,0.742088676979,0.00603073998966,true,0.00000000000,3.88127463584e-13,13.0000000000,1.00000000000
L1_Halo_01,L2_Lyapunov_07,2.00000000000,1.06313301547,0.564684319433,0.00000000000,0.400000000000,0.0820337531232,0.175655706420,0.0175587701045,-0.191944393990,0.149951137609,0.278548938689,0.194660664380,0.370023655053,1.06313301547,0.198370620638,true,0.00000000000,1.26679607137e-15,19.0000000000,1.00000000000
L1_Halo_01,L2_Lyapunov_07,2.00000000000,1.38417735396,0.564941981712,0.800000000000,0.200000000000,0.267329296306,-0.123611895259,-0.249111349678,-0.103887592891,-0.0333393204350,-0.142149338770,0.385747738622,0.179194243090,1.38417735396,0.0605946023675,true,0.00000000000,7.78886780143e-13,25.0000000000,1.00000000000
L1_Halo_01,L2_Lyapunov_07,2.00000000000,1.70522169245,0.533241163567,0.800000000000,0.600000000000,0.0778641573732,0.0985547363906,0.0763159482005,-0.141272463318,0.118459841243,0.339433761568,0.146969340402,0.386271823165,1.70522169245,0.181521571522,true,0.00000000000,1.51560578402e-13,31.0000000000,1.00000000000
L1_Halo_01,L2_Lyapunov_07,2.00000000000,2.02626603094,0.534708144860,0.800000000000,0.400000000000,-0.0836729692450,0.100677551632,0.108271167807,-0.0446128800815,0.215949701678,0.290643726642,0.169881667531,0.364826477329,2.02626603094,0.194668778921,true,0.00000000000,3.39206768602e-15,37.0000000000,1.00000000000
L1_Halo_01,L2_Lyapunov_07,2.00000000000,2.34731036942,0.671708900843,0.800000000000,0.600000000000,-0.0211307254726,0.0311507939212,0.222054793305,-0.0663242753247,0.188138162470,0.399443558730,0.225222580463,0.446486320379,2.34731036942,0.194668778921,true,0.00000000000,1.13238320685e-15,43.0000000000,1.00000000000
L1_Halo_01,L2_Lyapunov_07,2.00000000000,2.66835470791,0.682197273661,0.400000000000,0.600000000000,-0.235149297580,0.375560004113,0.324242348073,-0.0749660011407,-0.109368942568,-0.0119346528570,0.549066124548,0.133131149114,2.66835470791,0.0272518193494,true,0.00000000000,3.39007542819e-13,49.0000000000,1.00000000000
L1_Halo_01,L2_Lyapunov_07,2.00000000000,2.98939904640,0.687258841673,0.800000000000,0.800000000000,0.214314356349,-0.0996811318749,-0.273944974852,-0.194285832396,0.218651010372,-0.142674429255,0.361818767666,0.325440074007,2.98939904640,0.0250630215229,true,0.00000000000,5.07461225697e-14,55.0000000000,1.00000000000
L1_Halo_01,L2_Lyapunov_08,2.00000000000,0.421044338489,0.936058453600,0.600000000000,0.00000000000,0.472432806457,0.340676235918,-0.345264715816,-0.257990150218,-0.00400111350588,-0.0220441177054,0.677097318207,0.258961135393,0.421044338489,0.0801923145605,true,0.00000000000,5.46867788304e-16,7.00000000000,1.00000000000
L1_Halo_01,L2_Lyapunov_08,2.00000000000,0.742088676979,0.595480548137,0.400000000000,0.400000000000,-0.0820166588885,-0.0890334267577,0.345074769920,-0.207423110810,-0.0987031162149,0.00602910832314,0.365691509678,0.229789038459,0.742088676979,0.00850191309283,true,0.00000000000,8.54104220591e-14,13.0000000000,1.00000000000
L1_Halo_01,L2_Lyapunov_08,2.00000000000,1.06313301547,0.586534389842,0.00000000000,0.400000000000,0.0956428419433,0.166878685223,0.0217062685762,-0.189247858775,0.194415405142,0.284276700057,0.193564487684,0.392969902159,1.06313301547,0.191111183685,true,0.00000000000,2.05456909227e-13,19.0000000000,1.00000000000
L1_Halo_01,L2_Lyapunov_08,2.00000000000,1.38417735396,0.563006513619,0.200000000000,0.800000000000,-0.0431156644012,-0.147751101148,0.172068578758,-0.230415659680,0.187697670140,-0.148319402127,0.230861309455,0.332145204164,1.38417735396,0.0589580073442,true,0.00000000000,2.45588759852e-13,25.0000000000,1.00000000000
L1_Halo_01,L2_Lyapunov_08,2.00000000000,1.70522169245,0.522458302408,0.600000000000,0.600000000000,0.0601781915466,0.133567593053,0.0640254186292,-0.178373482595,0.0464901627189,0.312227561638,0.159877987486,0.362580314922,1.70522169245,0.104253537136,true,0.00000000000,8.59300251161e-14,31.0000000000,1.00000000000
L1_Halo_01,L2_Lyapunov_08,2.00000000000,2.02626603094,0.558742362515,0.800000000000,0.400000000000,-0.0763044610494,0.0990301904972,0.110411559910,-0.0461616787629,0.252506926320,0.296198050527,0.166793470999,0.391948891517,2.02626603094,0.194668778921,true,0.00000000000,4.83327524853e-15,37.0000000000,1.00000000000
L1_Halo_01,L2_Lyapunov_08,2.00000000000,2.34731036942,0.652207511039,0.600000000000,0.400000000000,-0.229661581357,0.200040711398,0.0291166468001,0.00923275093998,0.269544542404,0.217143376932,0.305955073972,0.346252437067,2.34731036942,0.104253537136,true,0.00000000000,5.04199784776e-15,43.0000000000,1.00000000000
L1_Halo_01,L2_Lyapunov_08,2.00000000000,2.66835470791,0.862412309257,0.600000000000,0.800000000000,0.337403359101,-0.104743412787,-0.329989990338,-0.376870139400,-0.0346088332805,0.0199475217438,0.483431073659,0.378981235598,2.66835470791,0.104253537136,true,0.00000000000,1.04706901396e-14,49.0000000000,1.00000000000
L1_Halo_01,L2_Lyapunov_08,2.00000000000,2.98939904640,0.645814309820,0.800000000000,0.600000000000,0.244969660863,0.0956844419530,-0.119983305070,-0.108982537589,0.0559524941296,-0.335049862812,0.289070304028,0.356744005792,2.98939904640,0.0825994203117,true,0.00000000000,2.35074858767e-14,55.0000000000,1.00000000000
L1_Halo_01,L2_Lyapunov_09,2.00000000000,0.421044338489,1.02469496835,0.600000000000,0.00000000000,0.503701780274,0.362552292174,-0.344891545485,-0.311965080362,-0.0356621446099,-0.0208462940680,0.710006919796,0.314688048549,0.421044338489,0.0807762030400,true,0.00000000000,7.97543483660e-15,7.00000000000,1.00000000000
L1_Halo_01,L2_Lyapunov_09,2.00000000000,0.742088676979,0.520990561201,0.400000000000,0.200000000000,-0.0693953530048,-0.0359221577591,0.338821234564,-0.136060207352,0.106911942774,0.00904239188403,0.347715322395,0.173275238806,0.742088676979,0.00564370652046,true,0.00000000000,2.13198915469e-13,13.0000000000,1.00000000000
L1_Halo_01,L2_Lyapunov_09,2.00000000000,1.06313301547,0.449193916910,0.400000000000,0.400000000000,-0.0433534633664,-0.0445351159191,0.331021453909,-0.0749344294802,0.0824965725362,0.0145000176991,0.336805733745,0.112388183165,1.06313301547,0.00407568315274,false,0.00000000000,1.94117711560e-12,19.0000000000,1.00000000000
L1_Halo_01,L2_Lyapunov_09,2.00000000000,1.38417735396,0.586348826099,0.800000000000,0.400000000000,0.00473612513343,0.196633352367,-0.0232833963312,-0.156997968328,0.229717766246,0.270826028731,0.198063683418,0.388285142681,1.38417735396,0.185810047884,true,0.00000000000,4.39290757606e-12,25.0000000000,1.00000000000
L1_Halo_01,L2_Lyapunov_09,2.00000000000,1.70522169245,0.549510393339,0.800000000000,0.600000000000,0.0449479110774,0.113887815416,0.0697637746033,-0.0986526720323,0.215996336129,0.332507758969,0.140917470377,0.408592922962,1.70522169245,0.177933193214,true,0.00000000000,1.47186454527e-15,31.0000000000,1.00000000000
L1_Halo_01,L2_Lyapunov_09,2.00000000000,2.02626603094,0.562367267210,0.600000000000,0.800000000000,0.137091139581,0.0291581239016,0.0414408596530,-0.155628459276,0.126609456838,0.364666701190,0.146155812713,0.416211454497,2.02626603094,0.104253537136,true,0.00000000000,6.81113462694e-12,37.0000000000,1.00000000000
L1_Halo_01,L2_Lyapunov_09,2.00000000000,2.34731036942,0.714940539741,0.800000000000,0.600000000000,-0.0358169851661,0.0304266686212,0.224641737249,-0.0317572697618,0.275159496631,0.398655719503,0.229505008015,0.485435531726,2.34731036942,0.189209471844,true,0.00000000000,3.84208854683e-14,43.0000000000,1.00000000000
L1_Halo_01,L2_Lyapunov_09,2.00000000000,2.66835470791,0.864245037351,0.600000000000,0.800000000000,0.333214376005,-0.105305858982,-0.335089367413,-0.374417516926,-0.0631826799738,0.0169686882174,0.484154963277,0.380090074074,2.66835470791,0.104253537136,true,0.00000000000,6.90191059890e-16,49.0000000000,1.00000000000
L1_Halo_01,L2_Lyapunov_09,2.00000000000,2.98939904640,0.678454925842,0.800000000000,0.800000000000,0.222688432321,-0.131942989801,-0.204805832035,-0.249136852391,0.196554804799,-0.143773687465,0.330067446566,0.348387479276,2.98939904640,0.0330663821313,true,0.00000000000,7.73234191765e-15,55.0000000000,1.00000000000
L1_Halo_01,L2_Lyapunov_10,2.00000000000,0.421044338489,1.10941986385,0.600000000000,0.00000000000,0.532870861998,0.383066876405,-0.344536192854,-0.361034739098,-0.0695301542449,-0.0198931525301,0.741213043296,0.368206820554,0.421044338489,0.0809489378100,true,0.00000000000,6.81874679475e-16,7.00000000000,1.00000000000
L1_Halo_01,L2_Lyapunov_10,2.00000000000,0.742088676979,0.526601012224,0.400000000000,0.200000000000,-0.125270489815,-0.0181049158944,0.338883118673,-0.152380725577,0.0622128577735,0.00926825277936,0.361748879362,0.164852132862,0.742088676979,0.0126661783633,true,0.00000000000,3.91781752802e-14,13.0000000000,1.00000000000
L1_Halo_01,L2_Lyapunov_10,2.00000000000,1.06313301547,0.449886800287,0.400000000000,0.400000000000,-0.157276377967,0.0219720340625,0.320429027439,-0.0891026772334,0.0118536028790,0.0208092572960,0.357621854719,0.0922649455676,1.06313301547,0.0175988247585,true,0.00000000000,4.77002104403e-14,19.0000000000,1.00000000000
L1_Halo_01,L2_Lyapunov_10,2.00000000000,1.38417735396,0.587005022569,0.600000000000,0.200000000000,0.308774268753,0.0649226782676,-0.331192951084,-0.0913295745495,-0.0907588418993,0.0145106350339,0.457433354758,0.129571667811,1.38417735396,0.104253537136,true,0.00000000000,4.31151441582e-15,25.0000000000,1.00000000000
L1_Halo_01,L2_Lyapunov_10,2.00000000000,1.70522169245,0.576451048750,0.800000000000,0.400000000000,-0.0310462312484,0.141255836206,0.0416496380433,-0.0845938757952,0.305893111489,0.284083207322,0.150505056680,0.425945992070,1.70522169245,0.185655245653,true,0.00000000000,3.30799117347e-13,31.0000000000,1.00000000000
L1_Halo_01,L2_Lyapunov_10,2.00000000000,2.02626603094,0.611823952458,0.800000000000,0.600000000000,-0.0151656480465,0.0831825154779,0.129763816919,-0.0386931418820,0.295957471088,0.345990339698,0.154880521511,0.456943430948,2.02626603094,0.181610174608,true,0.00000000000,6.55014427027e-13,37.0000000000,1.00000000000
L1_Halo_01,L2_Lyapunov_10,2.00000000000,2.34731036942,0.647772774796,0.600000000000,0.600000000000,0.369261196834,0.216934538171,-0.353382771018,0.0340992624338,0.0844370397173,0.0164179568580,0.555242116730,0.0925306580661,2.34731036942,0.0837872707701,true,0.00000000000,2.68231205442e-14,43.0000000000,1.00000000000
L1_Halo_01,L2_Lyapunov_10,2.00000000000,2.66835470791,0.910986505996,0.600000000000,0.600000000000,-0.351977389195,0.265329835599,-0.312647710399,0.125286204188,0.348222304647,0.0193884164786,0.540404103409,0.370582402587,2.66835470791,0.104253537136,true,0.00000000000,3.97325996705e-15,49.0000000000,1.00000000000
L1_Halo_01,L2_Lyapunov_10,2.00000000000,2.98939904640,0.837545845241,0.600000000000,0.00000000000,0.351695651924,-0.115985211599,-0.348934892718,-0.309171900804,-0.110581103398,0.0156565709743,0.508820164939,0.328725680303,2.98939904640,0.0985825758436,true,0.00000000000,7.18663373945e-12,55.0000000000,1.00000000000
L1_Halo_02,L2_Lyapunov_01,2.00000000000,0.421044338489,0.761734684304,0.200000000000,0.200000000000,-0.0734426093882,0.376576421261,-0.0233801931877,-0.201557231219,-0.119471658232,0.295796446366,0.384382948837,0.377351735467,0.421044338489,0.194632290425,true,0.00000000000,9.35828805161e-15,7.00000000000,1.00000000000
L1_Halo_02,L2_Lyapunov_01,2.00000000000,0.742088676979,0.529956151595,0.200000000000,0.200000000000,-0.166142698073,0.222714472136,0.128103367527,-0.0767754926534,0.0907788240709,0.189831544651,0.305966673011,0.223989478584,0.742088676979,0.194632290425,true,0.00000000000,3.33111020766e-16,13.0000000000,1.00000000000
L1_Halo_02,L2_Lyapunov_01,2.00000000000,1.06313301547,0.471446064261,0.00000000000,0.200000000000,-0.112140151427,0.128957351160,0.00569402990777,-0.102363338112,0.139756064853,0.245486027777,0.170990742313,0.300455321947,1.06313301547,0.222633029776,true,0.00000000000,1.14441018869e-15,19.0000000000,1.00000000000
L1_Halo_02,L2_Lyapunov_01,2.00000000000,1.38417735396,0.478484232986,0.800000000000,0.200000000000,-0.124523800133,0.139546962053,-0.0725758425056,-0.102081243943,0.159927352848,0.203010860777,0.200616012156,0.277868220830,1.38417735396,0.194632290431,true,0.00000000000,7.51088314922e-16,25.0000000000,1.00000000000
L1_Halo_02,L2_Lyapunov_01,2.00000000000,1.70522169245,0.468738768734,0.800000000000,0.200000000000,-0.103718149429,0.0814162636651,0.0220301145727,-0.0332038050081,0.228443732028,0.242843005508,0.133683912488,0.335054856246,1.70522169245,0.194632290431,true,0.00000000000,5.35994243028e-14,31.0000000000,1.00000000000
L1_Halo_02,L2_Lyapunov_01,2.00000000000,2.02626603094,0.466511730345,0.800000000000,0.400000000000,-0.125528239071,0.131884496618,0.0879085260430,-0.0481757747372,0.0692911675269,0.250492429184,0.202184985109,0.264326745236,2.02626603094,0.194632290431,true,0.00000000000,2.91717963878e-15,37.0000000000,1.00000000000
L1_Halo_02,L2_Lyapunov_01,2.00000000000,2.34731036942,0.625493950108,0.600000000000,0.200000000000,-0.178992501119,0.123917695327,0.0747697054177,0.0488733746898,0.291594888291,0.262400853297,0.230183447538,0.395310502570,2.34731036942,0.110691554806,true,0.00000000000,1.74960880021e-14,43.0000000000,1.00000000000
L1_Halo_02,L2_Lyapunov_01,2.00000000000,2.66835470791,0.780174696421,0.400000000000,0.800000000000,-0.0186778313115,0.469230141304,-0.108929879953,-0.0573878193075,0.0741761488047,-0.282968080087,0.482070021508,0.298104674913,2.66835470791,0.110691554795,true,0.00000000000,7.93396989300e-15,49.0000000000,1.00000000000
L1_Halo_02,L2_Lyapunov_01,2.00000000000,2.98939904640,0.872307509411,0.400000000000,0.800000000000,-0.0689238492108,0.417079772667,-0.205251735516,-0.0679342687490,0.112206668048,-0.380397384303,0.469930110432,0.402377398979,2.98939904640,0.110691554795,true,0.00000000000,7.64906976898e-15,55.0000000000,1.00000000000
L1_Halo_02,L2_Lyapunov_02,2.00000000000,0.421044338489,0.732722010873,0.200000000000,0.200000000000,-0.0158846086974,0.349832477646,-0.0222249021540,-0.231758749388,-0.0636593176296,0.296690678617,0.350897462922,0.381824547950,0.421044338489,0.194632290425,true,0.00000000000,8.69044409947e-14,7.00000000000,1.00000000000
L1_Halo_02,L2_Lyapunov_02,2.00000000000,0.742088676979,0.531499943096,0.200000000000,0.200000000000,-0.132921906012,0.217838781536,0.129294379269,-0.0902806496400,0.125127393240,0.190855593995,0.286075172550,0.245424770546,0.742088676979,0.194632290425,true,0.00000000000,9.70805212744e-14,13.0000000000,1.00000000000
L1_Halo_02,L2_Lyapunov_02,2.00000000000,1.06313301547,0.478300773094,0.00000000000,0.200000000000,-0.0926716632019,0.130348035468,0.00703447104326,-0.112361086032,0.166021872664,0.247125809167,0.160087886155,0.318212886939,1.06313301547,0.222633029776,true,0.00000000000,3.43546425923e-16,19.0000000000,1.00000000000
L1_Halo_02,L2_Lyapunov_02,2.00000000000,1.38417735396,0.493933227428,0.800000000000,0.200000000000,-0.114598601335,0.143491731443,-0.0697495415682,-0.111228485974,0.183820027384,0.205771945593,0.196437559976,0.297495667452,1.38417735396,0.194632290431,true,0.00000000000,5.42496101383e-14,25.0000000000,1.00000000000
L1_Halo_02,L2_Lyapunov_02,2.00000000000,1.70522169245,0.482949502412,0.800000000000,0.200000000000,-0.0982775632950,0.0867562665955,0.0221464511970,-0.0407818981884,0.248342736561,0.243233751513,0.132949593987,0.349999908425,1.70522169245,0.194632290431,true,0.00000000000,8.46277073293e-13,31.0000000000,1.00000000000
L1_Halo_02,L2_Lyapunov_02,2.00000000000,2.02626603094,0.468061057880,0.800000000000,0.400000000000,-0.117548402759,0.129225867650,0.0898492094362,-0.0413056761784,0.0862569969139,0.254224248552,0.196442949218,0.271618108662,2.02626603094,0.194632290431,true,0.00000000000,3.03266507489e-15,37.0000000000,1.00000000000
L1_Halo_02,L2_Lyapunov_02,2.00000000000,2.34731036942,0.636581897083,0.800000000000,0.600000000000,0.0275790935939,0.0437075581304,0.212871149596,-0.153617211620,0.0465901615136,0.385434608373,0.219054977965,0.417526919117,2.34731036942,0.194632290431,true,0.00000000000,2.14319304884e-14,43.0000000000,1.00000000000
L1_Halo_02,L2_Lyapunov_02,2.00000000000,2.66835470791,0.808560600916,0.400000000000,0.800000000000,-0.0543080683984,0.473899836133,-0.114511828158,-0.0516906337322,0.0821650013954,-0.302828482921,0.490554155796,0.318006445121,2.66835470791,0.110691554795,true,0.00000000000,4.97696742660e-12,49.0000000000,1.00000000000
L1_Halo_02,L2_Lyapunov_02,2.00000000000,2.98939904640,0.737402086378,0.600000000000,0.800000000000,0.249033230371,-0.0400721420731,0.116384619213,-0.228205882746,0.128095472365,0.377828721040,0.277792559276,0.459609527102,2.98939904640,0.110691554806,true,0.00000000000,6.13889110626e-15,55.0000000000,1.00000000000
L1_Halo_02,L2_Lyapunov_03,2.00000000000,0.421044338489,0.727755447701,0.200000000000,0.200000000000,0.0441651539714,0.324406336704,-0.0208960954492,-0.266541344380,-0.00571458582244,0.297784262434,0.328065052885,0.399690394816,0.421044338489,0.194632290425,true,0.00000000000,9.11232855381e-13,7.00000000000,1.00000000000
L1_Halo_02,L2_Lyapunov_03,2.00000000000,0.742088676979,0.542534111332,0.200000000000,0.200000000000,-0.0985295044431,0.214325563412,0.130602503400,-0.107024996836,0.161651908677,0.192069713406,0.269630347461,0.272903763871,0.742088676979,0.194632290425,true,0.00000000000,1.77405162578e-16,13.0000000000,1.00000000000
L1_Halo_02,L2_Lyapunov_03,2.00000000000,1.06313301547,0.492110127988,0.00000000000,0.200000000000,-0.0728899961819,0.133131486427,0.00855617715442,-0.125093704905,0.194799766474,0.249129986313,0.152020236775,0.340089891213,1.06313301547,0.222633029776,true,0.00000000000,1.33234218401e-15,19.0000000000,1.00000000000
L1_Halo_02,L2_Lyapunov_03,2.00000000000,1.38417735396,0.515081405995,0.800000000000,0.200000000000,-0.104970955366,0.149003797913,-0.0666578588312,-0.122645188162,0.210559900912,0.208971590282,0.194072933215,0.321008472780,1.38417735396,0.194632290431,true,0.00000000000,2.13645898099e-15,25.0000000000,1.00000000000
L1_Halo_02,L2_Lyapunov_03,2.00000000000,1.70522169245,0.494759062624,0.00000000000,0.400000000000,-0.106580824287,0.123158145352,0.170234119450,-0.0346674406254,0.0981679108364,0.237328851292,0.235599355468,0.259159707156,1.70522169245,0.222633029776,true,0.00000000000,1.58680748300e-15,31.0000000000,1.00000000000
L1_Halo_02,L2_Lyapunov_03,2.00000000000,2.02626603094,0.472862746394,0.800000000000,0.400000000000,-0.110097998780,0.127092308298,0.0917228235041,-0.0369583959030,0.105875632998,0.258006989932,0.191538770267,0.281323976127,2.02626603094,0.194632290431,true,0.00000000000,2.07776021185e-15,37.0000000000,1.00000000000
L1_Halo_02,L2_Lyapunov_03,2.00000000000,2.34731036942,0.636900458237,0.800000000000,0.600000000000,0.0180377255758,0.0451050121383,0.214494060767,-0.136354094912,0.0642749366115,0.388772225997,0.219926177996,0.416974280240,2.34731036942,0.194632290431,true,0.00000000000,7.27675501511e-15,43.0000000000,1.00000000000
L1_Halo_02,L2_Lyapunov_03,2.00000000000,2.66835470791,0.669374218697,0.600000000000,0.600000000000,-0.0709526972020,0.128637812350,0.207214575548,-0.134921622518,0.0559697979750,0.388835414245,0.254007583206,0.415366635491,2.66835470791,0.110691554806,true,0.00000000000,4.32475303934e-15,49.0000000000,1.00000000000
L1_Halo_02,L2_Lyapunov_03,2.00000000000,2.98939904640,0.707525277460,0.600000000000,0.00000000000,0.349137794652,-0.0831960856810,-0.330744362407,-0.137552920116,0.0211796297070,0.169682061917,0.488068255053,0.219457022406,2.98939904640,0.0480868933701,true,0.00000000000,1.90765185252e-15,55.0000000000,1.00000000000
L1_Halo_02,L2_Lyapunov_04,2.00000000000,0.421044338489,0.749776942277,0.200000000000,0.200000000000,0.107044109348,0.299555144731,-0.0193478415640,-0.305413366401,0.0554784212343,0.299127153196,0.318694312868,0.431082629409,0.421044338489,0.194615604837,true,0.00000000000,4.57527356207e-16,7.00000000000,1.00000000000
L1_Halo_02,L2_Lyapunov_04,2.00000000000,0.742088676979,0.563642256486,0.200000000000,0.200000000000,-0.0625635152307,0.211814567036,0.132060005492,-0.126463962596,0.200964111512,0.193511325258,0.257331399750,0.306310856736,0.742088676979,0.194632290425,true,0.00000000000,4.70430025288e-16,13.0000000000,1.00000000000
L1_Halo_02,L2_Lyapunov_04,2.00000000000,1.06313301547,0.513476605771,0.00000000000,0.200000000000,-0.0524268921152,0.137127128246,0.0103090088871,-0.139948315963,0.226501631354,0.251580540245,0.147168964059,0.366307641712,1.06313301547,0.222633029776,true,0.00000000000,3.84218381271e-16,19.0000000000,1.00000000000
L1_Halo_02,L2_Lyapunov_04,2.00000000000,1.38417735396,0.460100990378,0.400000000000,0.400000000000,0.165661033709,-0.0550825083372,0.329525779627,-0.0778510211391,0.0227328327175,0.0319999483216,0.372914065508,0.0871869248703,1.38417735396,0.00325016161886,false,0.00000000000,1.58057688907e-12,25.0000000000,1.00000000000
L1_Halo_02,L2_Lyapunov_04,2.00000000000,1.70522169245,0.503314606286,0.00000000000,0.400000000000,-0.0977870016625,0.121181993581,0.171675069212,-0.0317721586039,0.122654759877,0.240166685131,0.231775112234,0.271539494052,1.70522169245,0.222633029776,true,0.00000000000,2.70538986566e-15,31.0000000000,1.00000000000
L1_Halo_02,L2_Lyapunov_04,2.00000000000,2.02626603094,0.481370534487,0.800000000000,0.400000000000,-0.103152446818,0.125492919476,0.0935021036228,-0.0353922985183,0.128886372665,0.261790590089,0.187434104434,0.293936430053,2.02626603094,0.194632290431,true,0.00000000000,2.16568822849e-14,37.0000000000,1.00000000000
L1_Halo_02,L2_Lyapunov_04,2.00000000000,2.34731036942,0.593326420410,0.600000000000,0.600000000000,-0.0868843922223,0.163004109801,0.144519963694,-0.128161678728,0.0510493750802,0.331212898478,0.234531996389,0.358794424022,2.34731036942,0.110691554806,true,0.00000000000,7.26136681204e-16,43.0000000000,1.00000000000
L1_Halo_02,L2_Lyapunov_04,2.00000000000,2.66835470791,0.848928301071,0.400000000000,0.600000000000,-0.353344151275,0.570723293617,0.0905271924899,0.0381847643723,0.0663943864587,-0.153559745582,0.677327350472,0.171600950600,2.66835470791,0.110691554795,true,0.00000000000,3.25896199022e-15,49.0000000000,1.00000000000
L1_Halo_02,L2_Lyapunov_04,2.00000000000,2.98939904640,0.943138270513,0.400000000000,0.600000000000,-0.333239720679,0.457393286407,-0.159166457775,-0.00157998201064,0.0871486168467,-0.344409745858,0.587870131210,0.355268139303,2.98939904640,0.110691554795,true,0.00000000000,5.21714996361e-15,55.0000000000,1.00000000000
L1_Halo_02,L2_Lyapunov_05,2.00000000000,0.421044338489,0.788100230776,0.600000000000,0.00000000000,0.353047188862,0.322087743047,-0.332982058932,-0.100034277526,0.0860141482974,-0.157741980157,0.582460198945,0.205640031831,0.421044338489,0.0680203503527,true,0.00000000000,3.96704967466e-12,7.00000000000,1.00000000000
L1_Halo_02,L2_Lyapunov_05,2.00000000000,0.742088676979,0.594654938256,0.200000000000,0.200000000000,-0.0248136322533,0.209548398209,0.133728937567,-0.146942010174,0.243313812481,0.195238470876,0.249819287246,0.344835651010,0.742088676979,0.194632290425,true,0.00000000000,4.83703503227e-16,13.0000000000,1.00000000000
L1_Halo_02,L2_Lyapunov_05,2.00000000000,1.06313301547,0.542033972118,0.00000000000,0.200000000000,-0.0309004203583,0.141817364238,0.0123984252443,-0.155293478100,0.261067075351,0.254616710428,0.145673339106,0.396360633012,1.06313301547,0.207826790207,true,0.00000000000,4.24042378073e-15,19.0000000000,1.00000000000
L1_Halo_02,L2_Lyapunov_05,2.00000000000,1.38417735396,0.461567545680,0.400000000000,0.400000000000,0.159848601733,-0.0498486315742,0.323510275325,-0.0723417868091,0.0542159649089,0.0359635799704,0.364273742928,0.0972938027523,1.38417735396,0.00388098449648,false,0.00000000000,5.27478619376e-13,25.0000000000,1.00000000000
L1_Halo_02,L2_Lyapunov_05,2.00000000000,1.70522169245,0.516416409585,0.00000000000,0.400000000000,-0.0892838680513,0.119629583592,0.173092577700,-0.0314892628922,0.150946253008,0.243063081280,0.228569216692,0.287847192893,1.70522169245,0.222633029776,true,0.00000000000,1.68144664293e-14,31.0000000000,1.00000000000
L1_Halo_02,L2_Lyapunov_05,2.00000000000,2.02626603094,0.494064303666,0.800000000000,0.400000000000,-0.0965825185265,0.124308532668,0.0952322237744,-0.0363424723767,0.155794576170,0.265626256536,0.183983615096,0.310080688570,2.02626603094,0.194632290431,true,0.00000000000,2.15448481876e-12,37.0000000000,1.00000000000
L1_Halo_02,L2_Lyapunov_05,2.00000000000,2.34731036942,0.641211801115,0.800000000000,0.600000000000,-0.00134200758172,0.0488714732286,0.216192013505,-0.0989292206377,0.117247836294,0.390508820693,0.221651096508,0.419560704607,2.34731036942,0.194632290431,true,0.00000000000,2.20501549260e-15,43.0000000000,1.00000000000
L1_Halo_02,L2_Lyapunov_05,2.00000000000,2.66835470791,0.865409425606,0.400000000000,0.600000000000,-0.359359493752,0.567926307615,0.0916866200471,0.0533721094254,0.0948516094917,-0.152203428533,0.678296375433,0.187113050173,2.66835470791,0.110691554795,true,0.00000000000,2.18206262035e-15,49.0000000000,1.00000000000
L1_Halo_02,L2_Lyapunov_05,2.00000000000,2.98939904640,0.724854814808,0.600000000000,0.00000000000,0.343705038064,-0.0807984696495,-0.336357995711,-0.194080021053,0.000611561123505,0.136384659121,0.487645616372,0.237209198436,2.98939904640,0.0650425477305,true,0.00000000000,3.03945745053e-13,55.0000000000,1.00000000000
L1_Halo_02,L2_Lyapunov_06,2.00000000000,0.421044338489,0.841186855924,0.600000000000,0.00000000000,0.386681771796,0.342903659618,-0.331519129788,-0.163633699887,0.0620061146427,-0.144871331138,0.614011926459,0.227174929465,0.421044338489,0.0739123756426,true,0.00000000000,2.62629919502e-15,7.00000000000,1.00000000000
L1_Halo_02,L2_Lyapunov_06,2.00000000000,0.742088676979,0.534711460035,0.400000000000,0.200000000000,0.107609401415,-0.0556294478751,0.336382866897,-0.166259682569,0.0548572653629,0.0272322115369,0.357530211151,0.177181248885,0.742088676979,0.00126473166881,false,0.00000000000,1.41329519998e-12,13.0000000000,1.00000000000
L1_Halo_02,L2_Lyapunov_06,2.00000000000,1.06313301547,0.555660468053,0.00000000000,0.400000000000,0.0824617261604,0.191302715898,0.0181801551828,-0.195676619604,0.119923005340,0.259665252100,0.209110457495,0.346550010558,1.06313301547,0.206092622312,true,0.00000000000,2.69431815063e-12,19.0000000000,1.00000000000
L1_Halo_02,L2_Lyapunov_06,2.00000000000,1.38417735396,0.511777487133,0.800000000000,0.200000000000,0.278411643044,-0.0730265889642,-0.252089518182,-0.0673235053776,-0.00336350827159,-0.110176704404,0.382616061942,0.129161425191,1.38417735396,0.0533134558685,true,0.00000000000,2.13335307259e-15,25.0000000000,1.00000000000
L1_Halo_02,L2_Lyapunov_06,2.00000000000,1.70522169245,0.534575156254,0.00000000000,0.400000000000,-0.0808151258373,0.118237940358,0.174596027121,-0.0328433771811,0.183438468315,0.246172392501,0.225820875454,0.308754280800,1.70522169245,0.215033945549,true,0.00000000000,1.99021876219e-13,31.0000000000,1.00000000000
L1_Halo_02,L2_Lyapunov_06,2.00000000000,2.02626603094,0.511407703928,0.800000000000,0.400000000000,-0.0900813922471,0.123268043073,0.0970648699486,-0.0389187122163,0.186923233518,0.269756563799,0.180917817393,0.330489886535,2.02626603094,0.194632290431,true,0.00000000000,1.18224977690e-14,37.0000000000,1.00000000000
L1_Halo_02,L2_Lyapunov_06,2.00000000000,2.34731036942,0.648429855804,0.800000000000,0.600000000000,-0.0106852812577,0.0506887655054,0.216532530831,-0.0796871948573,0.152502171347,0.389470879900,0.222642904877,0.425786950927,2.34731036942,0.194632290431,true,0.00000000000,2.41400167275e-15,43.0000000000,1.00000000000
L1_Halo_02,L2_Lyapunov_06,2.00000000000,2.66835470791,0.708955725700,0.600000000000,0.400000000000,-0.191307649416,0.157411706126,0.191593544355,0.0210780946009,0.217871398447,0.329729966594,0.313185485278,0.395770240421,2.66835470791,0.110691554806,true,0.00000000000,8.39946990775e-15,49.0000000000,1.00000000000
L1_Halo_02,L2_Lyapunov_06,2.00000000000,2.98939904640,0.971752912050,0.400000000000,0.800000000000,-0.168777806073,0.622936463810,0.254292894185,0.0990931283838,0.256302339530,-0.0425524595776,0.693686284858,0.278066627192,2.98939904640,0.0413828752256,true,0.00000000000,1.11270900662e-14,55.0000000000,1.00000000000
L1_Halo_02,L2_Lyapunov_07,2.00000000000,0.421044338489,0.911029288216,0.600000000000,0.00000000000,0.420582376393,0.364531252749,-0.329829530632,-0.224601464243,0.0351796601842,-0.134342847218,0.646962200473,0.264067087743,0.421044338489,0.0772796496114,true,0.00000000000,1.16835674563e-15,7.00000000000,1.00000000000
L1_Halo_02,L2_Lyapunov_07,2.00000000000,0.742088676979,0.521558698752,0.400000000000,0.200000000000,0.0714244343842,-0.0369271276330,0.323606560407,-0.162979375632,0.0879685768558,0.0329487644450,0.333446050391,0.188112648362,0.742088676979,0.00236839191259,false,0.00000000000,9.85295420707e-13,13.0000000000,1.00000000000
L1_Halo_02,L2_Lyapunov_07,2.00000000000,1.06313301547,0.574584350702,0.00000000000,0.400000000000,0.0955686996792,0.183618800578,0.0219811593367,-0.194753981396,0.162272040874,0.264579405705,0.208164386123,0.366419964579,1.06313301547,0.198688869887,true,0.00000000000,2.95987977929e-13,19.0000000000,1.00000000000
L1_Halo_02,L2_Lyapunov_07,2.00000000000,1.38417735396,0.543701661626,0.800000000000,0.200000000000,0.272013846416,-0.105297487777,-0.247153124393,-0.0920840648323,-0.0387167108641,-0.126758106096,0.382313693806,0.161387967821,1.38417735396,0.0610722124441,true,0.00000000000,4.26539528478e-15,25.0000000000,1.00000000000
L1_Halo_02,L2_Lyapunov_07,2.00000000000,1.70522169245,0.511428264641,0.800000000000,0.400000000000,-0.0641647097863,0.173946373780,0.0198140085493,-0.0946428648663,0.197277117894,0.240269302853,0.186459233796,0.324969030845,1.70522169245,0.194632290431,true,0.00000000000,1.58695344195e-15,31.0000000000,1.00000000000
L1_Halo_02,L2_Lyapunov_07,2.00000000000,2.02626603094,0.532971641593,0.800000000000,0.400000000000,-0.0834382398183,0.122039487661,0.0991683289146,-0.0416745038731,0.221199650105,0.274457618266,0.178016667400,0.354954974193,2.02626603094,0.194632290431,true,0.00000000000,1.87339123654e-15,37.0000000000,1.00000000000
L1_Halo_02,L2_Lyapunov_07,2.00000000000,2.34731036942,0.660928824066,0.800000000000,0.600000000000,-0.0192611326257,0.0519544210080,0.216861754662,-0.0610719650839,0.191784167946,0.388002051894,0.223828670477,0.437100153589,2.34731036942,0.194632290431,true,0.00000000000,8.85636037926e-16,43.0000000000,1.00000000000
L1_Halo_02,L2_Lyapunov_07,2.00000000000,2.66835470791,0.719830195717,0.600000000000,0.800000000000,0.0893160017667,0.0324973380041,0.184438292495,-0.124708034084,0.192828287849,0.457996261111,0.207487129450,0.512343066267,2.66835470791,0.110691554806,true,0.00000000000,1.07677875145e-14,49.0000000000,1.00000000000
L1_Halo_02,L2_Lyapunov_07,2.00000000000,2.98939904640,0.706668408004,0.800000000000,0.600000000000,0.249655437674,-0.0666742785021,-0.255038197464,-0.330154159890,-0.0237690301886,-0.0921686820713,0.363067182681,0.343601225323,2.98939904640,0.0303104778737,true,0.00000000000,6.30735934459e-12,55.0000000000,1.00000000000
L1_Halo_02,L2_Lyapunov_08,2.00000000000,0.421044338489,0.989330854069,0.600000000000,0.00000000000,0.453902638026,0.386237096165,-0.328016138476,-0.282210661496,0.00551945582005,-0.125816682308,0.680294999512,0.309035854557,0.421044338489,0.0790474202899,true,0.00000000000,1.00528319341e-13,7.00000000000,1.00000000000
L1_Halo_02,L2_Lyapunov_08,2.00000000000,0.742088676979,0.499080455171,0.400000000000,0.200000000000,0.0236702254474,-0.0178591003128,0.310801612257,-0.154561472479,0.0972681367368,0.0396126162168,0.312212858829,0.186867596342,0.742088676979,0.00450011673477,false,0.00000000000,3.35612998845e-13,13.0000000000,1.00000000000
L1_Halo_02,L2_Lyapunov_08,2.00000000000,1.06313301547,0.597950755838,0.200000000000,0.400000000000,0.0895423514851,-0.200977411286,0.177037308676,-0.270049691831,-0.134402559516,-0.0926225450961,0.282403897317,0.315546858521,1.06313301547,0.0215141707878,true,0.00000000000,6.83877650404e-12,19.0000000000,1.00000000000
L1_Halo_02,L2_Lyapunov_08,2.00000000000,1.38417735396,0.549057380873,0.200000000000,0.800000000000,-0.0203666664181,-0.139227013814,0.177681270403,-0.238111188313,0.172974135405,-0.131645054786,0.226648618634,0.322408762239,1.38417735396,0.0597110446985,true,0.00000000000,2.57354291249e-12,25.0000000000,1.00000000000
L1_Halo_02,L2_Lyapunov_08,2.00000000000,1.70522169245,0.535917841835,0.800000000000,0.400000000000,-0.0551728408253,0.170707152103,0.0246120019158,-0.0944350186905,0.235794846022,0.247772528233,0.181082094041,0.354835747794,1.70522169245,0.194632290431,true,0.00000000000,4.84937095313e-14,31.0000000000,1.00000000000
L1_Halo_02,L2_Lyapunov_08,2.00000000000,2.02626603094,0.558363237722,0.800000000000,0.400000000000,-0.0762537829906,0.120259853655,0.101779331169,-0.0431147339276,0.258005683782,0.280209273567,0.175031723053,0.383331514669,2.02626603094,0.194632290431,true,0.00000000000,1.20280685367e-15,37.0000000000,1.00000000000
L1_Halo_02,L2_Lyapunov_08,2.00000000000,2.34731036942,0.654029284324,0.00000000000,0.800000000000,0.141238217461,-0.245735994294,0.118448604028,-0.112803524055,0.184055244684,-0.271473550671,0.307188028346,0.346841255978,2.34731036942,0.103074885454,true,0.00000000000,9.10122087103e-15,43.0000000000,1.00000000000
L1_Halo_02,L2_Lyapunov_08,2.00000000000,2.66835470791,0.954320640604,0.400000000000,0.600000000000,-0.375118471909,0.559333977745,0.0935146419932,0.0992733047672,0.208260558775,-0.148523142689,0.679936287378,0.274384353225,2.66835470791,0.110691554795,true,0.00000000000,1.25708524901e-15,49.0000000000,1.00000000000
L1_Halo_02,L2_Lyapunov_08,2.00000000000,2.98939904640,0.777568692867,0.600000000000,0.00000000000,0.334104827597,-0.0768174841550,-0.345354088278,-0.267634395802,-0.0509527901798,0.102119291009,0.486617311638,0.290951381230,2.98939904640,0.0887015722044,true,0.00000000000,1.46179245703e-14,55.0000000000,1.00000000000
L1_Halo_02,L2_Lyapunov_09,2.00000000000,0.421044338489,1.06994255330,0.600000000000,0.00000000000,0.485749356627,0.407259736266,-0.326185217381,-0.335589341554,-0.0266437752005,-0.118985897786,0.712888298603,0.357054254692,0.421044338489,0.0799214128700,true,0.00000000000,4.69287100839e-16,7.00000000000,1.00000000000
L1_Halo_02,L2_Lyapunov_09,2.00000000000,0.742088676979,0.744816540663,0.200000000000,0.400000000000,0.224042553085,0.181261517098,0.147090421081,-0.213632195401,0.298562058693,0.206603839378,0.323552770267,0.421263770396,0.742088676979,0.180062996763,true,0.00000000000,2.22551251678e-15,13.0000000000,1.00000000000
L1_Halo_02,L2_Lyapunov_09,2.00000000000,1.06313301547,0.560534733181,0.600000000000,0.200000000000,0.322530995974,0.212455503585,-0.193188432386,-0.0812836705056,-0.0473016295788,0.0878520545538,0.431839501175,0.128695232006,1.06313301547,0.0860089670979,true,0.00000000000,5.30355398301e-15,19.0000000000,1.00000000000
L1_Halo_02,L2_Lyapunov_09,2.00000000000,1.38417735396,0.582165133302,0.200000000000,0.800000000000,-0.0184397181650,-0.113349855114,0.220564009531,-0.261365251612,0.158333666090,-0.133558070747,0.248669851732,0.333495281570,1.38417735396,0.0527190579826,true,0.00000000000,7.80440902084e-13,25.0000000000,1.00000000000
L1_Halo_02,L2_Lyapunov_09,2.00000000000,1.70522169245,0.562672637176,0.800000000000,0.400000000000,-0.0452378841020,0.166380536327,0.0301993369102,-0.0913082128097,0.275486980538,0.256952296727,0.175045562572,0.387627074604,1.70522169245,0.193726780150,true,0.00000000000,3.06367103202e-15,31.0000000000,1.00000000000
L1_Halo_02,L2_Lyapunov_09,2.00000000000,2.02626603094,0.454344567727,0.400000000000,0.600000000000,-0.150278448061,0.114867769999,0.339166555725,-0.0318169688627,-0.0244051159435,-0.0524209658350,0.388345424923,0.0659991428043,2.02626603094,0.0253665096664,true,0.00000000000,3.14720612648e-13,37.0000000000,1.00000000000
L1_Halo_02,L2_Lyapunov_09,2.00000000000,2.34731036942,0.704105361019,0.800000000000,0.600000000000,-0.0337185907757,0.0517815253494,0.218518908364,-0.0265670790322,0.278765373492,0.386173524133,0.227087610943,0.477017750076,2.34731036942,0.189395034317,true,0.00000000000,1.36994899110e-15,43.0000000000,1.00000000000
L1_Halo_02,L2_Lyapunov_09,2.00000000000,2.66835470791,0.770492664662,0.600000000000,0.400000000000,-0.175404748711,0.154776079999,0.192626912963,0.0115616810637,0.319960540435,0.340605775519,0.303030672388,0.467461992274,2.66835470791,0.110691554806,true,0.00000000000,1.20926694138e-14,49.0000000000,1.00000000000
L1_Halo_02,L2_Lyapunov_09,2.00000000000,2.98939904640,0.937648347476,0.600000000000,0.600000000000,0.322225380727,-0.0712499535588,-0.329529600348,-0.418075494132,-0.207316793632,0.0658895608099,0.466364138172,0.471284209304,2.98939904640,0.110691554806,true,0.00000000000,3.00119434076e-15,55.0000000000,1.00000000000
L1_Halo_02,L2_Lyapunov_10,2.00000000000,0.421044338489,1.14906771949,0.600000000000,0.00000000000,0.515469505485,0.427026305238,-0.324420946622,-0.384192811209,-0.0608883503960,-0.113542289217,0.743847583217,0.405220136271,0.421044338489,0.0803210392236,true,0.00000000000,1.34265265982e-13,7.00000000000,1.00000000000
L1_Halo_02,L2_Lyapunov_10,2.00000000000,0.742088676979,0.502472491131,0.400000000000,0.200000000000,-0.0756435164015,0.00769416127061,0.305983194288,-0.176198956734,0.0441256207763,0.0452182784163,0.315288529570,0.187183961562,0.742088676979,0.0155251593960,true,0.00000000000,5.30637996187e-15,13.0000000000,1.00000000000
L1_Halo_02,L2_Lyapunov_10,2.00000000000,1.06313301547,0.576117039360,0.200000000000,0.200000000000,0.0654041218630,-0.159410092208,0.221973257650,-0.271156810899,0.0163215960207,-0.115330968423,0.281000718444,0.295116320916,1.06313301547,0.0229962481014,true,0.00000000000,7.11787828553e-13,19.0000000000,1.00000000000
L1_Halo_02,L2_Lyapunov_10,2.00000000000,1.38417735396,0.609066627243,0.800000000000,0.600000000000,0.103426789400,0.155039078103,0.0216649262083,-0.146644917783,0.224218486707,0.325320433016,0.187626185626,0.421440441618,1.38417735396,0.160599322152,true,0.00000000000,4.76642108026e-16,25.0000000000,1.00000000000
L1_Halo_02,L2_Lyapunov_10,2.00000000000,1.70522169245,0.582295685435,0.800000000000,0.600000000000,0.0268370413045,0.136806117753,0.0658381210973,-0.0787584618807,0.276556659088,0.317172554691,0.154177815623,0.428117869812,1.70522169245,0.175007716103,true,0.00000000000,1.20714101947e-15,31.0000000000,1.00000000000
L1_Halo_02,L2_Lyapunov_10,2.00000000000,2.02626603094,0.614843491400,0.800000000000,0.600000000000,-0.0161264826704,0.103154132683,0.125391111780,-0.0344183627581,0.303160340571,0.333046555103,0.163167917945,0.451675573455,2.02626603094,0.181718776889,true,0.00000000000,1.53353039785e-14,37.0000000000,1.00000000000
L1_Halo_02,L2_Lyapunov_10,2.00000000000,2.34731036942,0.734206995125,0.800000000000,0.600000000000,-0.0394680608556,0.0500186520651,0.220218065383,-0.0114237259968,0.324638359504,0.386601786117,0.229250059331,0.504956935794,2.34731036942,0.184206399902,true,0.00000000000,9.58409601980e-16,43.0000000000,1.00000000000
L1_Halo_02,L2_Lyapunov_10,2.00000000000,2.66835470791,0.797222787025,0.600000000000,0.400000000000,-0.165931164334,0.151038932733,0.196155863788,0.0126132610236,0.356030093086,0.349678404664,0.298031933518,0.499190853507,2.66835470791,0.110691554806,true,0.00000000000,6.28545935972e-12,49.0000000000,1.00000000000
L1_Halo_02,L2_Lyapunov_10,2.00000000000,2.98939904640,0.859870991838,0.200000000000,0.600000000000,0.191955720315,-0.131162361360,0.391842130825,-0.103054983648,0.226088957197,-0.318874932694,0.455621354953,0.404249636885,2.98939904640,0.130164099293,true,0.00000000000,8.32501851420e-15,55.0000000000,1.00000000000
L1_Halo_03,L2_Lyapunov_01,2.00000000000,0.421044338489,0.741104509676,0.200000000000,0.200000000000,-0.0380913527295,0.393208097654,0.0131379545958,-0.217707474225,-0.104133182280,0.247715917573,0.395267207171,0.345837302505,0.421044338489,0.190854264015,true,0.00000000000,2.13882163961e-14,7.00000000000,1.00000000000
L1_Halo_03,L2_Lyapunov_01,2.00000000000,0.742088676979,0.520735847188,0.200000000000,0.200000000000,-0.139358943647,0.244553014747,0.140488886381,-0.0816214249590,0.102630373121,0.159068524538,0.314585790195,0.206150056993,0.742088676979,0.190854264015,true,0.00000000000,4.00710797083e-16,13.0000000000,1.00000000000
L1_Halo_03,L2_Lyapunov_01,2.00000000000,1.06313301547,0.465611177389,0.00000000000,0.200000000000,-0.100742189606,0.145933134711,0.0116661264379,-0.103167917317,0.147980041694,0.224375142962,0.177712034143,0.287899143247,1.06313301547,0.216029637689,true,0.00000000000,7.88340211950e-16,19.0000000000,1.00000000000
L1_Halo_03,L2_Lyapunov_01,2.00000000000,1.38417735396,0.487119413274,0.800000000000,0.200000000000,-0.130017226226,0.164101166196,-0.0780459942987,-0.101007273261,0.168198680404,0.176165426300,0.223438692013,0.263680721261,1.38417735396,0.190854264010,true,0.00000000000,7.67927502428e-16,25.0000000000,1.00000000000
L1_Halo_03,L2_Lyapunov_01,2.00000000000,1.70522169245,0.477545233004,0.800000000000,0.200000000000,-0.110417551666,0.109307288369,0.0128856003479,-0.0278141237002,0.236451200756,0.216263912017,0.155904322271,0.321640910733,1.70522169245,0.190854264010,true,0.00000000000,3.61425778943e-12,31.0000000000,1.00000000000
L1_Halo_03,L2_Lyapunov_01,2.00000000000,2.02626603094,0.464365425295,0.800000000000,0.400000000000,-0.133205496308,0.164105507906,0.0748590951919,-0.0404691046660,0.0745288984276,0.224663452870,0.224228022568,0.240137402727,2.02626603094,0.190854264010,true,0.00000000000,5.76522876008e-15,37.0000000000,1.00000000000
L1_Halo_03,L2_Lyapunov_01,2.00000000000,2.34731036942,0.610801836892,0.800000000000,0.400000000000,-0.132722283086,0.0868087063608,0.221607602985,-0.00172466867978,0.110041434777,0.319891053550,0.272508505608,0.338293331284,2.34731036942,0.190854264010,true,0.00000000000,2.45617487058e-15,43.0000000000,1.00000000000
L1_Halo_03,L2_Lyapunov_01,2.00000000000,2.66835470791,0.798315052936,0.800000000000,0.600000000000,-0.00807408315347,0.0141319259113,0.329152247716,-0.133279862430,0.0821997892319,0.441832796598,0.329554402680,0.468760650256,2.66835470791,0.190854264010,true,0.00000000000,4.56839386229e-15,49.0000000000,1.00000000000
L1_Halo_03,L2_Lyapunov_01,2.00000000000,2.98939904640,0.637720769235,0.800000000000,0.600000000000,0.218585490342,-0.172894342468,0.127383183166,-0.272121681319,0.0337442755466,-0.185918133480,0.306428695782,0.331292073453,2.98939904640,0.0790477042724,true,0.00000000000,5.19837222715e-13,55.0000000000,1.00000000000
L1_Halo_03,L2_Lyapunov_02,2.00000000000,0.421044338489,0.721693925491,0.200000000000,0.200000000000,0.0192704188977,0.366547553972,0.0141527594075,-0.248006071673,-0.0482756534552,0.248472776436,0.367326501857,0.354367423634,0.421044338489,0.190854264015,true,0.00000000000,1.98337599885e-13,7.00000000000,1.00000000000
L1_Halo_03,L2_Lyapunov_02,2.00000000000,0.742088676979,0.529146362583,0.200000000000,0.200000000000,-0.106355415920,0.239746028803,0.141537262490,-0.0952090264720,0.137012526249,0.159928598317,0.298030920368,0.231115442216,0.742088676979,0.190854264015,true,0.00000000000,4.28292594822e-13,13.0000000000,1.00000000000
L1_Halo_03,L2_Lyapunov_02,2.00000000000,1.06313301547,0.476009693703,0.00000000000,0.200000000000,-0.0815954137156,0.147373386103,0.0130919413179,-0.113218227921,0.174373743230,0.225950824256,0.168961905169,0.307047788534,1.06313301547,0.216029637689,true,0.00000000000,2.26999060609e-15,19.0000000000,1.00000000000
L1_Halo_03,L2_Lyapunov_02,2.00000000000,1.38417735396,0.504955364536,0.800000000000,0.200000000000,-0.120686344371,0.168049835302,-0.0749402806761,-0.110156681543,0.192423221760,0.178913098057,0.220049963714,0.284905400822,1.38417735396,0.190854264010,true,0.00000000000,7.14145008198e-14,25.0000000000,1.00000000000
L1_Halo_03,L2_Lyapunov_02,2.00000000000,1.70522169245,0.467091758016,0.200000000000,0.400000000000,0.230021667736,-0.140427551590,0.189520997971,-0.104710607090,-0.0451352591344,-0.0770665362636,0.329466346606,0.137625411410,1.70522169245,0.0148438212947,true,0.00000000000,1.10815303832e-13,31.0000000000,1.00000000000
L1_Halo_03,L2_Lyapunov_02,2.00000000000,2.02626603094,0.467120022381,0.800000000000,0.400000000000,-0.125537122878,0.161389702704,0.0774181269340,-0.0334303974624,0.0917232974833,0.228507651329,0.218631589066,0.248488433316,2.02626603094,0.190854264010,true,0.00000000000,1.54239312883e-15,37.0000000000,1.00000000000
L1_Halo_03,L2_Lyapunov_02,2.00000000000,2.34731036942,0.611674720289,0.800000000000,0.400000000000,-0.125649704273,0.0862653783732,0.219742145529,0.00415927093287,0.124201991907,0.321036414575,0.267425081493,0.344249638796,2.34731036942,0.190854264010,true,0.00000000000,3.05184528479e-15,43.0000000000,1.00000000000
L1_Halo_03,L2_Lyapunov_02,2.00000000000,2.66835470791,0.630923658354,0.800000000000,0.400000000000,0.214032862315,-0.113470672023,0.0985256551758,-0.182802289621,-0.289483306418,-0.138713526366,0.261520485408,0.369403172946,2.66835470791,0.0593712643574,true,0.00000000000,1.19225481456e-14,49.0000000000,1.00000000000
L1_Halo_03,L2_Lyapunov_02,2.00000000000,2.98939904640,0.933283778751,0.400000000000,0.800000000000,-0.0719097059481,0.399994786907,-0.272141445575,-0.0475855390644,0.137732872934,-0.419590676307,0.489109192064,0.444174586687,2.98939904640,0.117201003144,true,0.00000000000,7.17123083605e-12,55.0000000000,1.00000000000
L1_Halo_03,L2_Lyapunov_03,2.00000000000,0.421044338489,0.727892681575,0.200000000000,0.200000000000,0.0790908300556,0.341240619912,0.0153269820485,-0.282906758380,0.00975275386869,0.249403676986,0.350621500276,0.377271181300,0.421044338489,0.190854264015,true,0.00000000000,2.04683630263e-12,7.00000000000,1.00000000000
L1_Halo_03,L2_Lyapunov_03,2.00000000000,0.742088676979,0.547270230738,0.200000000000,0.200000000000,-0.0722102538634,0.236326783788,0.142694636334,-0.112056317579,0.173603444013,0.160952711309,0.285353164932,0.261917065806,0.742088676979,0.190854264015,true,0.00000000000,9.22638600737e-16,13.0000000000,1.00000000000
L1_Halo_03,L2_Lyapunov_03,2.00000000000,1.06313301547,0.493610511828,0.00000000000,0.200000000000,-0.0621601031352,0.150230011217,0.0147057419093,-0.126012760401,0.203310937613,0.227873396847,0.163245807104,0.330364704724,1.06313301547,0.216029637689,true,0.00000000000,2.26380167402e-16,19.0000000000,1.00000000000
L1_Halo_03,L2_Lyapunov_03,2.00000000000,1.38417735396,0.524114961672,0.200000000000,0.400000000000,0.182481430162,-0.149447313315,0.207249071177,-0.146529519489,-0.129208702496,-0.0773892776247,0.313984313804,0.210130647868,1.38417735396,0.0130931344687,true,0.00000000000,1.86941674581e-12,25.0000000000,1.00000000000
L1_Halo_03,L2_Lyapunov_03,2.00000000000,1.70522169245,0.485754536968,0.00000000000,0.400000000000,-0.0984123972273,0.145644981867,0.166032365991,-0.0297892509638,0.104037127469,0.218645266623,0.241793728677,0.243960808290,1.70522169245,0.216029637689,true,0.00000000000,6.95552731308e-16,31.0000000000,1.00000000000
L1_Halo_03,L2_Lyapunov_03,2.00000000000,2.02626603094,0.473286704566,0.800000000000,0.400000000000,-0.118386096204,0.159208619186,0.0798896874696,-0.0289163094121,0.111569922680,0.232394925063,0.213880841502,0.259405863064,2.02626603094,0.190854264010,true,0.00000000000,3.54274053645e-14,37.0000000000,1.00000000000
L1_Halo_03,L2_Lyapunov_03,2.00000000000,2.34731036942,0.614842437266,0.800000000000,0.400000000000,-0.119209320343,0.0860831796202,0.217984159693,0.00754974267776,0.141220755139,0.322232710009,0.262941570976,0.351900866291,2.34731036942,0.190854264010,true,0.00000000000,6.23568402063e-15,43.0000000000,1.00000000000
L1_Halo_03,L2_Lyapunov_03,2.00000000000,2.66835470791,0.823868809954,0.800000000000,0.600000000000,-0.0196506634626,0.00710065746032,0.341493411379,-0.106802943376,0.113365081114,0.455863824109,0.342132018271,0.481736791683,2.66835470791,0.190854264010,true,0.00000000000,4.69617474114e-15,49.0000000000,1.00000000000
L1_Halo_03,L2_Lyapunov_03,2.00000000000,2.98939904640,0.766666569092,0.600000000000,0.00000000000,0.330801737743,-0.0586868795280,-0.307805155633,-0.126434341927,0.0589234647170,0.277980188323,0.455651131192,0.311015437901,2.98939904640,0.0483228108468,true,0.00000000000,1.47019800431e-14,55.0000000000,1.00000000000
L1_Halo_03,L2_Lyapunov_04,2.00000000000,0.421044338489,0.761309414510,0.200000000000,0.200000000000,0.141701545864,0.316559928549,0.0167049696986,-0.321917078454,0.0710880064759,0.250554926542,0.347229855392,0.414079559118,0.421044338489,0.190854264015,true,0.00000000000,4.59594515815e-16,7.00000000000,1.00000000000
L1_Halo_03,L2_Lyapunov_04,2.00000000000,0.742088676979,0.575465560751,0.200000000000,0.200000000000,-0.0365273752133,0.233945764861,0.143992012511,-0.131618613573,0.213031691593,0.162175219349,0.277125548629,0.298340012121,0.742088676979,0.190854264015,true,0.00000000000,4.47235801101e-16,13.0000000000,1.00000000000
L1_Halo_03,L2_Lyapunov_04,2.00000000000,1.06313301547,0.518858381393,0.00000000000,0.200000000000,-0.0420747265622,0.154329024199,0.0165613834933,-0.140938597779,0.235216987654,0.230224083825,0.160816696113,0.358041685280,1.06313301547,0.216029637689,true,0.00000000000,9.89495106901e-16,19.0000000000,1.00000000000
L1_Halo_03,L2_Lyapunov_04,2.00000000000,1.38417735396,0.529618781955,0.200000000000,0.400000000000,0.160347959455,-0.133266662184,0.234857096993,-0.151276692675,-0.124796064704,-0.0894979497225,0.314053064559,0.215565717396,1.38417735396,0.0162836209454,true,0.00000000000,8.86600204350e-15,25.0000000000,1.00000000000
L1_Halo_03,L2_Lyapunov_04,2.00000000000,1.70522169245,0.495809150750,0.00000000000,0.400000000000,-0.0898222619217,0.143758857414,0.167585693916,-0.0267990604917,0.128662323356,0.221367181537,0.238368648582,0.257440502167,1.70522169245,0.216029637689,true,0.00000000000,1.07248007489e-15,31.0000000000,1.00000000000
L1_Halo_03,L2_Lyapunov_04,2.00000000000,2.02626603094,0.483327609236,0.800000000000,0.400000000000,-0.111729363380,0.157571348019,0.0822440833513,-0.0271862414448,0.134809018243,0.236275924995,0.209943491454,0.273384117782,2.02626603094,0.190854264010,true,0.00000000000,1.70555697296e-15,37.0000000000,1.00000000000
L1_Halo_03,L2_Lyapunov_04,2.00000000000,2.34731036942,0.498171707051,0.00000000000,0.400000000000,0.224780828482,-0.0917577054854,0.148041117375,-0.114840719192,-0.0516101552096,-0.172807260393,0.284362567513,0.213809139538,2.34731036942,0.0630042071884,true,0.00000000000,6.75018419422e-15,43.0000000000,1.00000000000
L1_Halo_03,L2_Lyapunov_04,2.00000000000,2.66835470791,0.838027583075,0.800000000000,0.600000000000,-0.0259819433421,0.00409152798323,0.347395107037,-0.0917390119349,0.136801514133,0.461101795843,0.348389383269,0.489638199806,2.66835470791,0.190854264010,true,0.00000000000,1.29786460955e-14,49.0000000000,1.00000000000
L1_Halo_03,L2_Lyapunov_04,2.00000000000,2.98939904640,0.964942379171,0.600000000000,0.600000000000,0.305024250283,-0.0480398234199,-0.262356824636,-0.493764100425,-0.242935467515,0.102481190669,0.405189734973,0.559752644197,2.98939904640,0.117201003154,true,0.00000000000,3.22564259309e-12,55.0000000000,1.00000000000
L1_Halo_03,L2_Lyapunov_05,2.00000000000,0.421044338489,0.820308478594,0.200000000000,0.200000000000,0.206841616259,0.291251341176,0.0183504983585,-0.363090709425,0.136658980160,0.251988748217,0.357697552051,0.462610926543,0.421044338489,0.189847571775,true,0.00000000000,4.46034870433e-16,7.00000000000,1.00000000000
L1_Halo_03,L2_Lyapunov_05,2.00000000000,0.742088676979,0.613247241627,0.200000000000,0.200000000000,0.000897278451969,0.231862013056,0.145487251004,-0.152234351443,0.255570923889,0.163649390760,0.273728585302,0.339518656325,0.742088676979,0.190854264015,true,0.00000000000,4.52190676291e-16,13.0000000000,1.00000000000
L1_Halo_03,L2_Lyapunov_05,2.00000000000,1.06313301547,0.551159643137,0.00000000000,0.200000000000,-0.0209662651316,0.159163205726,0.0187693654530,-0.156360113631,0.270053119881,0.233141293524,0.161631678238,0.389527964899,1.06313301547,0.207826790207,true,0.00000000000,1.73679221478e-15,19.0000000000,1.00000000000
L1_Halo_03,L2_Lyapunov_05,2.00000000000,1.38417735396,0.494589976458,0.800000000000,0.200000000000,0.293388159138,-0.0125435849940,-0.257980620398,-0.0442163403638,0.0459106784774,-0.0818087845634,0.390880997169,0.103708979289,1.38417735396,0.0437310934850,true,0.00000000000,2.17918393960e-14,25.0000000000,1.00000000000
L1_Halo_03,L2_Lyapunov_05,2.00000000000,1.70522169245,0.510570990359,0.00000000000,0.400000000000,-0.0815231997487,0.142299588163,0.169118059020,-0.0264179142984,0.157104525807,0.224148217967,0.235576150693,0.274994839666,1.70522169245,0.216029637689,true,0.00000000000,1.23727649480e-14,31.0000000000,1.00000000000
L1_Halo_03,L2_Lyapunov_05,2.00000000000,2.02626603094,0.497713934367,0.800000000000,0.400000000000,-0.105440443910,0.156357946867,0.0845333457804,-0.0279726708534,0.161950241202,0.240203623158,0.206667320371,0.291046613996,2.02626603094,0.190854264010,true,0.00000000000,2.58947154462e-15,37.0000000000,1.00000000000
L1_Halo_03,L2_Lyapunov_05,2.00000000000,2.34731036942,0.610099973118,0.600000000000,0.400000000000,0.210421106202,0.0819223980778,-0.393332875287,-0.0398318310038,-0.128168224580,0.0806050251436,0.453540595783,0.156559377335,2.34731036942,0.0878397211910,true,0.00000000000,1.85398007468e-14,43.0000000000,1.00000000000
L1_Halo_03,L2_Lyapunov_05,2.00000000000,2.66835470791,0.854431980643,0.800000000000,0.600000000000,-0.0324562009837,0.00125151499098,0.353167099919,-0.0758589108411,0.166052495823,0.465238094212,0.354657541492,0.499774439151,2.66835470791,0.190854264010,true,0.00000000000,3.58271430412e-15,49.0000000000,1.00000000000
L1_Halo_03,L2_Lyapunov_05,2.00000000000,2.98939904640,0.917865377659,0.600000000000,0.800000000000,0.0812538043734,0.0215789215601,0.317493013727,-0.123347767199,0.225288901476,0.530526378793,0.328435144810,0.589430232849,2.98939904640,0.117134929992,true,0.00000000000,6.62953998334e-15,55.0000000000,1.00000000000
L1_Halo_03,L2_Lyapunov_06,2.00000000000,0.421044338489,0.900479930137,0.200000000000,0.200000000000,0.274163483763,0.263457547584,0.0203707017348,-0.403366297407,0.207293449111,0.253805233605,0.380776129369,0.519703800768,0.421044338489,0.183073352861,true,0.00000000000,1.67304726418e-16,7.00000000000,1.00000000000
L1_Halo_03,L2_Lyapunov_06,2.00000000000,0.742088676979,0.659178086313,0.200000000000,0.200000000000,0.0403354762867,0.228995393370,0.147286361123,-0.171313796967,0.301126217652,0.165469547162,0.275243733816,0.383934352496,0.742088676979,0.190854264015,true,0.00000000000,7.21674285782e-16,13.0000000000,1.00000000000
L1_Halo_03,L2_Lyapunov_06,2.00000000000,1.06313301547,0.588852495874,0.00000000000,0.200000000000,0.00168200817654,0.163965427468,0.0215288597624,-0.169774388522,0.307243353264,0.236867077085,0.165381324093,0.423471171781,1.06313301547,0.194100136110,true,0.00000000000,1.79476899454e-15,19.0000000000,1.00000000000
L1_Halo_03,L2_Lyapunov_06,2.00000000000,1.38417735396,0.458068737449,0.400000000000,0.400000000000,0.191958256675,-0.00000524045037888,0.277993163493,-0.0712275266348,0.0720076587849,0.0648014214668,0.337828612290,0.120240125159,1.38417735396,0.00625121905376,true,0.00000000000,6.06491851905e-12,25.0000000000,1.00000000000
L1_Halo_03,L2_Lyapunov_06,2.00000000000,1.70522169245,0.530514413080,0.00000000000,0.400000000000,-0.0732652552749,0.141009559532,0.170741209641,-0.0276635432390,0.189766991701,0.227137118974,0.233246766708,0.297267646372,1.70522169245,0.215033945549,true,0.00000000000,2.73281764765e-13,31.0000000000,1.00000000000
L1_Halo_03,L2_Lyapunov_06,2.00000000000,2.02626603094,0.516876511688,0.800000000000,0.400000000000,-0.0992186701039,0.155295158133,0.0869334363311,-0.0303763148170,0.193327810987,0.244424335742,0.203760528535,0.313115983153,2.02626603094,0.190854264010,true,0.00000000000,4.18419556987e-13,37.0000000000,1.00000000000
L1_Halo_03,L2_Lyapunov_06,2.00000000000,2.34731036942,0.638266914479,0.800000000000,0.600000000000,-0.0187475784895,0.0828870680433,0.214077515246,-0.0673765228118,0.157200475348,0.370354818884,0.230327853899,0.407939060580,2.34731036942,0.190854264010,true,0.00000000000,5.27983551673e-15,43.0000000000,1.00000000000
L1_Halo_03,L2_Lyapunov_06,2.00000000000,2.66835470791,0.666828496204,0.600000000000,0.800000000000,0.159874375680,0.000453780838360,0.138948340334,-0.209460408186,0.121282101010,0.385294659703,0.211817523349,0.455010972855,2.66835470791,0.117201003154,true,0.00000000000,3.44718890493e-13,49.0000000000,1.00000000000
L1_Halo_03,L2_Lyapunov_06,2.00000000000,2.98939904640,0.956216839774,0.800000000000,0.400000000000,0.316784774061,0.211587129112,-0.463339657581,0.0641989290476,0.198237752955,0.289113015274,0.599837765208,0.356379074566,2.98939904640,0.00723415697813,true,0.00000000000,1.01485472194e-12,55.0000000000,1.00000000000
L1_Halo_03,L2_Lyapunov_07,2.00000000000,0.421044338489,0.992931958405,0.200000000000,0.200000000000,0.340996185636,0.232151688015,0.0228420426332,-0.437941378976,0.280673043345,0.256075784452,0.413151986293,0.579779972112,0.421044338489,0.172679927962,true,0.00000000000,6.97096098067e-16,7.00000000000,1.00000000000
L1_Halo_03,L2_Lyapunov_07,2.00000000000,0.742088676979,0.499404129738,0.400000000000,0.200000000000,0.115045049765,-0.00547627304271,0.298197906936,-0.164054395172,0.0540314200443,0.0497191906640,0.319667553472,0.179736576265,0.742088676979,0.00504661725557,true,0.00000000000,6.23794700755e-14,13.0000000000,1.00000000000
L1_Halo_03,L2_Lyapunov_07,2.00000000000,1.06313301547,0.506420361026,0.200000000000,0.200000000000,0.145452042225,-0.127224161822,0.224045512671,-0.189584323654,0.0204308648766,-0.0892865600037,0.295869355775,0.210551005251,1.06313301547,0.0120948229559,true,0.00000000000,7.81374760991e-15,19.0000000000,1.00000000000
L1_Halo_03,L2_Lyapunov_07,2.00000000000,1.38417735396,0.512031892049,0.800000000000,0.200000000000,0.275351874088,-0.0882984364678,-0.235320636633,-0.0786928076456,-0.0350543845272,-0.109361592494,0.372815062024,0.139216830026,1.38417735396,0.0614736335914,true,0.00000000000,1.38836932373e-14,25.0000000000,1.00000000000
L1_Halo_03,L2_Lyapunov_07,2.00000000000,1.70522169245,0.528661396183,0.800000000000,0.400000000000,-0.0753626506621,0.203114538297,0.0136495303473,-0.0887488133476,0.207346653445,0.214982288734,0.217074536649,0.311586859535,1.70522169245,0.190854264010,true,0.00000000000,4.86529374427e-16,31.0000000000,1.00000000000
L1_Halo_03,L2_Lyapunov_07,2.00000000000,2.02626603094,0.540260539835,0.800000000000,0.400000000000,-0.0928518557710,0.154048190491,0.0896319403658,-0.0329419291288,0.227878108305,0.249216974331,0.200963172863,0.339297366972,2.02626603094,0.190854264010,true,0.00000000000,3.78944337857e-15,37.0000000000,1.00000000000
L1_Halo_03,L2_Lyapunov_07,2.00000000000,2.34731036942,0.651165078415,0.800000000000,0.600000000000,-0.0272133113096,0.0845082651299,0.213467813338,-0.0488881452101,0.196421406641,0.367973084494,0.231194114369,0.419970964045,2.34731036942,0.190854264010,true,0.00000000000,1.68706263075e-15,43.0000000000,1.00000000000
L1_Halo_03,L2_Lyapunov_07,2.00000000000,2.66835470791,0.745333153772,0.600000000000,0.800000000000,0.0430795014208,0.0628525497130,0.226565797536,-0.0963702297269,0.204367260073,0.453082021220,0.239036288168,0.506296865604,2.66835470791,0.117201003154,true,0.00000000000,3.63082163882e-15,49.0000000000,1.00000000000
L1_Halo_03,L2_Lyapunov_07,2.00000000000,2.98939904640,0.902735483226,0.800000000000,0.400000000000,0.310332367924,0.179805409490,-0.438689660431,0.0782589055831,0.226279591672,0.235862152974,0.566643434650,0.336092048576,2.98939904640,0.00619252064433,true,0.00000000000,2.25930402375e-13,55.0000000000,1.00000000000
L1_Halo_03,L2_Lyapunov_08,2.00000000000,0.421044338489,1.06410183666,0.600000000000,0.00000000000,0.446258233116,0.413598938359,-0.305299656790,-0.313928451534,0.0410012427215,-0.216165883373,0.680748391751,0.383353444906,0.421044338489,0.0764056749691,true,0.00000000000,1.39734902261e-13,7.00000000000,1.00000000000
L1_Halo_03,L2_Lyapunov_08,2.00000000000,0.742088676979,0.475938155186,0.400000000000,0.200000000000,0.0688087200026,0.00548618299833,0.284064786994,-0.164746527104,0.0568633256914,0.0577637530360,0.292331218590,0.183606936596,0.742088676979,0.00866984158037,true,0.00000000000,9.27567707016e-12,13.0000000000,1.00000000000
L1_Halo_03,L2_Lyapunov_08,2.00000000000,1.06313301547,0.518402341848,0.400000000000,0.00000000000,-0.149126522354,0.149609977025,0.193371311969,-0.128795721067,0.131384824287,0.141362615521,0.286381440020,0.232020901828,1.06313301547,0.0572115903822,true,0.00000000000,8.47016495305e-12,19.0000000000,1.00000000000
L1_Halo_03,L2_Lyapunov_08,2.00000000000,1.38417735396,0.524244989413,0.200000000000,0.800000000000,0.00616777713592,-0.143796393454,0.166389362483,-0.239031948100,0.147525188300,-0.116892536447,0.220001964066,0.304243025347,1.38417735396,0.0636802217526,true,0.00000000000,4.08152247930e-15,25.0000000000,1.00000000000
L1_Halo_03,L2_Lyapunov_08,2.00000000000,1.70522169245,0.555262458022,0.800000000000,0.400000000000,-0.0667982239465,0.200015376059,0.0191180290462,-0.0882607569610,0.246415445960,0.222480179235,0.211739586325,0.343522871697,1.70522169245,0.190854264010,true,0.00000000000,2.17898107433e-15,31.0000000000,1.00000000000
L1_Halo_03,L2_Lyapunov_08,2.00000000000,2.02626603094,0.567380902344,0.800000000000,0.400000000000,-0.0859457298549,0.152249373547,0.0929055746060,-0.0341582847010,0.265002480991,0.255069339152,0.197984812596,0.369396089748,2.02626603094,0.190854264010,true,0.00000000000,1.23393109862e-15,37.0000000000,1.00000000000
L1_Halo_03,L2_Lyapunov_08,2.00000000000,2.34731036942,0.670242012579,0.800000000000,0.600000000000,-0.0347588085176,0.0852384283681,0.213202682016,-0.0312455213258,0.238724336323,0.365912553046,0.232226501629,0.438015510950,2.34731036942,0.190854264010,true,0.00000000000,1.15162523712e-15,43.0000000000,1.00000000000
L1_Halo_03,L2_Lyapunov_08,2.00000000000,2.66835470791,0.917230677009,0.600000000000,0.200000000000,-0.205049638423,0.183149611609,0.210026800252,0.0323915333634,0.461362146518,0.335299888678,0.345977443302,0.571253233707,2.66835470791,0.117201003154,true,0.00000000000,2.79189702252e-15,49.0000000000,1.00000000000
L1_Halo_03,L2_Lyapunov_08,2.00000000000,2.98939904640,0.801130881475,0.600000000000,0.800000000000,0.316056799366,-0.0549542476622,-0.238053274845,-0.382070903803,-0.0168870978437,0.122731970166,0.399476196320,0.401654685155,2.98939904640,0.117201003154,true,0.00000000000,6.68724539989e-15,55.0000000000,1.00000000000
L1_Halo_03,L2_Lyapunov_09,2.00000000000,0.421044338489,1.13309066957,0.600000000000,0.00000000000,0.479078846188,0.433412454740,-0.302832042322,-0.366503422738,0.00739285434973,-0.204166689125,0.713491515468,0.419599154101,0.421044338489,0.0773807737707,true,0.00000000000,3.40038728892e-15,7.00000000000,1.00000000000
L1_Halo_03,L2_Lyapunov_09,2.00000000000,0.742088676979,0.693942238629,0.200000000000,0.00000000000,0.107619580727,-0.229492816146,0.0980441888906,-0.376302013970,0.158126173067,-0.107787659489,0.271774888085,0.422167350544,0.742088676979,0.0269341301069,true,0.00000000000,7.86161095180e-15,13.0000000000,1.00000000000
L1_Halo_03,L2_Lyapunov_09,2.00000000000,1.06313301547,0.540049586503,0.200000000000,0.200000000000,0.0969005261634,-0.125870788799,0.237199595694,-0.233162123722,0.00807670003864,-0.101870810267,0.285476471256,0.254573115247,1.06313301547,0.0185881803851,true,0.00000000000,1.17022643969e-12,19.0000000000,1.00000000000
L1_Halo_03,L2_Lyapunov_09,2.00000000000,1.38417735396,0.547368236052,0.200000000000,0.800000000000,0.00451446942582,-0.112673822748,0.206812491150,-0.256724877967,0.130525876458,-0.119505136257,0.235557163472,0.311811072581,1.38417735396,0.0571450387395,true,0.00000000000,8.19244106697e-15,25.0000000000,1.00000000000
L1_Halo_03,L2_Lyapunov_09,2.00000000000,1.70522169245,0.573248718374,0.600000000000,0.600000000000,0.189423070576,0.0331411483416,-0.0577631978437,-0.275555943773,-0.109565965516,0.225368218867,0.200788501675,0.372460216699,1.70522169245,0.117201003154,true,0.00000000000,5.50980653154e-14,31.0000000000,1.00000000000
L1_Halo_03,L2_Lyapunov_09,2.00000000000,2.02626603094,0.597320891014,0.800000000000,0.400000000000,-0.0781885051267,0.149580428197,0.0969983609104,-0.0326232258094,0.303580561830,0.262492412045,0.194670051248,0.402650839766,2.02626603094,0.190854264010,true,0.00000000000,2.07430062865e-16,37.0000000000,1.00000000000
L1_Halo_03,L2_Lyapunov_09,2.00000000000,2.34731036942,0.695342963642,0.800000000000,0.600000000000,-0.0412916683401,0.0848763925564,0.213515187668,-0.0147439498588,0.283114893006,0.364658723641,0.233447508559,0.461895455083,2.34731036942,0.190030481731,true,0.00000000000,2.86320514564e-12,43.0000000000,1.00000000000
L1_Halo_03,L2_Lyapunov_09,2.00000000000,2.66835470791,0.966494250507,0.800000000000,0.600000000000,-0.0546539714587,-0.0149427285860,0.379435817633,-0.0133827713658,0.328125192868,0.481529278258,0.383642908753,0.582851341754,2.66835470791,0.190854264010,true,0.00000000000,1.31153304920e-15,49.0000000000,1.00000000000
L1_Halo_03,L2_Lyapunov_09,2.00000000000,2.98939904640,0.976095839705,0.400000000000,0.600000000000,-0.221715152475,0.614945022805,0.230914377801,-0.118481792016,0.246489360234,-0.0720427136593,0.693279481728,0.282816357977,2.98939904640,0.0423229564563,true,0.00000000000,8.59964894536e-12,55.0000000000,1.00000000000
L1_Halo_03,L2_Lyapunov_10,2.00000000000,0.421044338489,1.20335173435,0.600000000000,0.00000000000,0.509712939547,0.452106888013,-0.300388734756,-0.414489676820,-0.0279698126506,-0.194580741698,0.744608159301,0.458743575051,0.421044338489,0.0778704358007,true,0.00000000000,1.32553415404e-16,7.00000000000,1.00000000000
L1_Halo_03,L2_Lyapunov_10,2.00000000000,0.742088676979,0.706637313972,0.200000000000,0.00000000000,0.121277666039,-0.247714483207,0.0833196693194,-0.387751009046,0.123926372054,-0.0972033175906,0.288119601495,0.418517712477,0.742088676979,0.0262098997393,true,0.00000000000,9.15572148256e-15,13.0000000000,1.00000000000
L1_Halo_03,L2_Lyapunov_10,2.00000000000,1.06313301547,0.553143836889,0.200000000000,0.200000000000,0.0810433311604,-0.134381455201,0.227731521937,-0.256220935332,0.00998956670101,-0.103667979583,0.276564717763,0.276579119126,1.06313301547,0.0229277489963,true,0.00000000000,6.33028768319e-15,19.0000000000,1.00000000000
L1_Halo_03,L2_Lyapunov_10,2.00000000000,1.38417735396,0.499506070853,0.600000000000,0.00000000000,0.175095210574,0.0603842701511,-0.0586843149347,-0.153093032106,0.0591210976409,0.257340872021,0.194289581983,0.305216488870,1.38417735396,0.117201003154,true,0.00000000000,3.52748747653e-15,25.0000000000,1.00000000000
L1_Halo_03,L2_Lyapunov_10,2.00000000000,1.70522169245,0.588944578579,0.600000000000,0.600000000000,0.208916048615,0.0234151874391,-0.110106810627,-0.267789874328,-0.117341767861,0.195355854456,0.237313497547,0.351631081032,1.70522169245,0.117201003154,true,0.00000000000,2.75848828451e-15,31.0000000000,1.00000000000
L1_Halo_03,L2_Lyapunov_10,2.00000000000,2.02626603094,0.626113181685,0.800000000000,0.600000000000,-0.0276291108491,0.134794830926,0.122774954993,-0.0228334778853,0.313290938472,0.310531714299,0.184409066437,0.441704115247,2.02626603094,0.182400514537,true,0.00000000000,2.36850853345e-15,37.0000000000,1.00000000000
L1_Halo_03,L2_Lyapunov_10,2.00000000000,2.34731036942,0.725762206229,0.800000000000,0.600000000000,-0.0467781966182,0.0833079929448,0.214565110327,0.000208833663861,0.328792554946,0.364506441661,0.234875728710,0.490886477519,2.34731036942,0.184709237214,true,0.00000000000,9.48888290601e-16,43.0000000000,1.00000000000
L1_Halo_03,L2_Lyapunov_10,2.00000000000,2.66835470791,1.00873166140,0.800000000000,0.600000000000,-0.0584010171052,-0.0217646963733,0.388070061954,-0.000375093479287,0.375060911568,0.488264039060,0.393042941410,0.615688719988,2.66835470791,0.185028704527,true,0.00000000000,3.59739577427e-15,49.0000000000,1.00000000000
L1_Halo_03,L2_Lyapunov_10,2.00000000000,2.98939904640,0.902118889905,0.600000000000,0.400000000000,0.288564122090,-0.0303164301256,-0.407931298571,-0.301666040197,-0.224775780558,0.140335803809,0.500595927717,0.401522962188,2.98939904640,0.0973896853747,true,0.00000000000,7.30002258853e-15,55.0000000000,1.00000000000
L1_Halo_04,L2_Lyapunov_01,2.00000000000,0.421044338489,0.760069965590,0.200000000000,0.200000000000,-0.00808879362571,0.428731550479,0.0416732290438,-0.239664078724,-0.105204938063,0.199733006377,0.430828073571,0.329241892018,0.421044338489,0.184466017272,true,0.00000000000,6.26808829119e-14,7.00000000000,1.00000000000
L1_Halo_04,L2_Lyapunov_01,2.00000000000,0.742088676979,0.524671397953,0.200000000000,0.200000000000,-0.117049300365,0.277105264633,0.145072195451,-0.0922390813068,0.106453216034,0.128560946788,0.333966777235,0.190704620718,0.742088676979,0.184466017272,true,0.00000000000,1.91859174226e-15,13.0000000000,1.00000000000
L1_Halo_04,L2_Lyapunov_01,2.00000000000,1.06313301547,0.467252460654,0.00000000000,0.200000000000,-0.0953886179582,0.170240000932,0.0180783226549,-0.103087488567,0.154612598245,0.197629994714,0.195978243954,0.271274216699,1.06313301547,0.205952286694,true,0.00000000000,8.73119688865e-16,19.0000000000,1.00000000000
L1_Halo_04,L2_Lyapunov_01,2.00000000000,1.38417735396,0.500780385962,0.00000000000,0.200000000000,-0.110660795571,0.121183196413,0.101417007311,-0.0182953169857,0.235374867949,0.197596621790,0.192916013180,0.307864372782,1.38417735396,0.205952286694,true,0.00000000000,3.06905546372e-13,25.0000000000,1.00000000000
L1_Halo_04,L2_Lyapunov_01,2.00000000000,1.70522169245,0.469493091234,0.00000000000,0.400000000000,-0.113409990069,0.181188884258,0.155058268967,-0.0393328512742,0.0683363057494,0.189685741523,0.264072536250,0.205420554984,1.70522169245,0.205952286694,true,0.00000000000,9.16619859113e-13,31.0000000000,1.00000000000
L1_Halo_04,L2_Lyapunov_01,2.00000000000,2.02626603094,0.468549572712,0.800000000000,0.400000000000,-0.147359643920,0.203480861062,0.0597360719325,-0.0284743234701,0.0806897293696,0.192116210723,0.258239663423,0.210309909290,2.02626603094,0.184466017236,true,0.00000000000,1.30468848167e-15,37.0000000000,1.00000000000
L1_Halo_04,L2_Lyapunov_01,2.00000000000,2.34731036942,0.621647755731,0.800000000000,0.600000000000,0.0110124302921,0.113436953725,0.218823674116,-0.137713232523,0.0441485268171,0.345909473422,0.246724576086,0.374923179645,2.34731036942,0.184466017236,true,0.00000000000,2.08816106697e-15,43.0000000000,1.00000000000
L1_Halo_04,L2_Lyapunov_01,2.00000000000,2.66835470791,0.775636216907,0.800000000000,0.600000000000,-0.0182114852218,0.0563589609945,0.328174027655,-0.118433037956,0.0791847883632,0.418579886138,0.333475910833,0.442160306074,2.66835470791,0.184466017236,true,0.00000000000,5.29185293673e-15,49.0000000000,1.00000000000
L1_Halo_04,L2_Lyapunov_01,2.00000000000,2.98939904640,0.941153772654,0.400000000000,0.800000000000,-0.0312445568856,0.393308357478,-0.314410266534,-0.0365693465995,0.137462582220,-0.412834294652,0.504501240929,0.436652531725,2.98939904640,0.122520759324,true,0.00000000000,2.56075973121e-12,55.0000000000,1.00000000000
L1_Halo_04,L2_Lyapunov_02,2.00000000000,0.421044338489,0.747315789082,0.200000000000,0.200000000000,0.0489785618576,0.402221658933,0.0425866157182,-0.270095845582,-0.0492058140991,0.200382287565,0.407424572497,0.339891216585,0.421044338489,0.184466017272,true,0.00000000000,5.51309196319e-13,7.00000000000,1.00000000000
L1_Halo_04,L2_Lyapunov_02,2.00000000000,0.742088676979,0.539095834080,0.200000000000,0.200000000000,-0.0843929127219,0.272436224429,0.146023636970,-0.105954423719,0.140987686599,0.129293851582,0.320416233442,0.218679600638,0.742088676979,0.184466017272,true,0.00000000000,2.48383027392e-16,13.0000000000,1.00000000000
L1_Halo_04,L2_Lyapunov_02,2.00000000000,1.06313301547,0.481241044342,0.00000000000,0.200000000000,-0.0766444764773,0.171829526643,0.0196398344581,-0.113154863950,0.181220114269,0.199149288148,0.189170518576,0.292070525766,1.06313301547,0.205952286694,true,0.00000000000,2.76455907166e-16,19.0000000000,1.00000000000
L1_Halo_04,L2_Lyapunov_02,2.00000000000,1.38417735396,0.514816750677,0.00000000000,0.200000000000,-0.0990961239317,0.125567174575,0.101684478658,-0.0260649442846,0.256598026465,0.198193083627,0.189543900743,0.325272849933,1.38417735396,0.205952286694,true,0.00000000000,4.02126107833e-13,25.0000000000,1.00000000000
L1_Halo_04,L2_Lyapunov_02,2.00000000000,1.70522169245,0.454648369740,0.200000000000,0.400000000000,0.262583290360,-0.128713875505,0.175658296699,-0.0885786809351,-0.0297289927005,-0.0644615468142,0.341134992815,0.113513376925,1.70522169245,0.00985388205166,true,0.00000000000,9.78052133508e-14,31.0000000000,1.00000000000
L1_Halo_04,L2_Lyapunov_02,2.00000000000,2.02626603094,0.473029016818,0.800000000000,0.400000000000,-0.140135560119,0.200912300195,0.0629143822451,-0.0211501498907,0.0981162605874,0.195907059517,0.252906992930,0.220122023888,2.02626603094,0.184466017236,true,0.00000000000,2.56345429181e-14,37.0000000000,1.00000000000
L1_Halo_04,L2_Lyapunov_02,2.00000000000,2.34731036942,0.589722257546,0.800000000000,0.400000000000,-0.137416714408,0.131714689386,0.201949059869,0.0185197051930,0.124967738089,0.285503723649,0.277516730272,0.312205527275,2.34731036942,0.184466017236,true,0.00000000000,3.21973301235e-15,43.0000000000,1.00000000000
L1_Halo_04,L2_Lyapunov_02,2.00000000000,2.66835470791,0.786485667171,0.800000000000,0.600000000000,-0.0233968494397,0.0531077796894,0.333575690923,-0.105805460079,0.0921681973235,0.425351846154,0.338586163926,0.447899503245,2.66835470791,0.184466017236,true,0.00000000000,1.14222112227e-14,49.0000000000,1.00000000000
L1_Halo_04,L2_Lyapunov_02,2.00000000000,2.98939904640,0.713768708388,0.600000000000,0.800000000000,0.223137130507,-0.0278065713442,0.169725765350,-0.222837899424,0.118468845357,0.350668306435,0.281727208208,0.432041500181,2.98939904640,0.121456550357,true,0.00000000000,3.21620972475e-12,55.0000000000,1.00000000000
L1_Halo_04,L2_Lyapunov_03,2.00000000000,0.421044338489,0.760434462809,0.200000000000,0.200000000000,0.108469513518,0.377121000218,0.0436506315356,-0.305137520720,0.00902432608143,0.201185945728,0.394830674849,0.365603787960,0.421044338489,0.184466017272,true,0.00000000000,5.61354644508e-12,7.00000000000,1.00000000000
L1_Halo_04,L2_Lyapunov_03,2.00000000000,0.742088676979,0.563227308108,0.200000000000,0.200000000000,-0.0506254937168,0.269201486866,0.147080034881,-0.122932634785,0.177784635035,0.130170289738,0.310909822626,0.252317485482,0.742088676979,0.184466017272,true,0.00000000000,1.33489974309e-15,13.0000000000,1.00000000000
L1_Halo_04,L2_Lyapunov_03,2.00000000000,1.06313301547,0.502433699027,0.00000000000,0.200000000000,-0.0576335815903,0.174871259442,0.0213945777659,-0.125963097664,0.210403204480,0.200992125437,0.185362658223,0.317071040803,1.06313301547,0.205952286694,true,0.00000000000,1.34036045322e-15,19.0000000000,1.00000000000
L1_Halo_04,L2_Lyapunov_03,2.00000000000,1.38417735396,0.498958340059,0.200000000000,0.400000000000,0.213599536273,-0.136693605413,0.193279101359,-0.128125787999,-0.107993658989,-0.0660255998534,0.318852183118,0.180106156942,1.38417735396,0.00980891348268,true,0.00000000000,4.62235320919e-14,25.0000000000,1.00000000000
L1_Halo_04,L2_Lyapunov_03,2.00000000000,1.70522169245,0.450398519429,0.200000000000,0.400000000000,0.252891865035,-0.119291018436,0.190871935999,-0.0834407394883,-0.0100236544130,-0.0738041363954,0.338550939199,0.111847580230,1.70522169245,0.0116389179435,true,0.00000000000,7.01323096832e-14,31.0000000000,1.00000000000
L1_Halo_04,L2_Lyapunov_03,2.00000000000,2.02626603094,0.481062494538,0.800000000000,0.400000000000,-0.133409375286,0.198878634829,0.0659876191508,-0.0163583359440,0.118191684199,0.199731198703,0.248405190539,0.232657303999,2.02626603094,0.184466017236,true,0.00000000000,1.42324193780e-15,37.0000000000,1.00000000000
L1_Halo_04,L2_Lyapunov_03,2.00000000000,2.34731036942,0.594977259646,0.800000000000,0.400000000000,-0.131369857291,0.131266652135,0.201151332435,0.0220873234338,0.142329137979,0.287102262895,0.273771495791,0.321205763855,2.34731036942,0.184466017236,true,0.00000000000,2.01431500699e-15,43.0000000000,1.00000000000
L1_Halo_04,L2_Lyapunov_03,2.00000000000,2.66835470791,0.797812553681,0.800000000000,0.600000000000,-0.0290099682058,0.0502770638424,0.338738978733,-0.0918755689569,0.109820006460,0.430973440436,0.343676384288,0.454136169393,2.66835470791,0.184466017236,true,0.00000000000,2.75896316497e-15,49.0000000000,1.00000000000
L1_Halo_04,L2_Lyapunov_03,2.00000000000,2.98939904640,0.975832834439,0.400000000000,0.600000000000,-0.251261764249,0.429095502231,-0.299548311752,-0.0186016203875,0.0874804829101,-0.385079500867,0.580503759920,0.395329074518,2.98939904640,0.122520759324,true,0.00000000000,6.55803039981e-15,55.0000000000,1.00000000000
L1_Halo_04,L2_Lyapunov_04,2.00000000000,0.421044338489,0.799893854006,0.200000000000,0.200000000000,0.170712334243,0.352721728332,0.0449089464200,-0.344287180320,0.0706430426099,0.202187557935,0.394426333006,0.405467520999,0.421044338489,0.184466017272,true,0.00000000000,4.49347011596e-16,7.00000000000,1.00000000000
L1_Halo_04,L2_Lyapunov_04,2.00000000000,0.742088676979,0.597158961854,0.200000000000,0.200000000000,-0.0153545026374,0.267065228265,0.148271615575,-0.142620011002,0.217488690616,0.131222176041,0.305849748871,0.291309212983,0.742088676979,0.184466017272,true,0.00000000000,2.24520411172e-16,13.0000000000,1.00000000000
L1_Halo_04,L2_Lyapunov_04,2.00000000000,1.06313301547,0.531099696067,0.00000000000,0.200000000000,-0.0380008350393,0.179200009476,0.0234002771489,-0.140896773410,0.242598383196,0.203236989438,0.184673441054,0.346426255014,1.06313301547,0.205952286694,true,0.00000000000,3.34437990416e-16,19.0000000000,1.00000000000
L1_Halo_04,L2_Lyapunov_04,2.00000000000,1.38417735396,0.468786556712,0.00000000000,0.400000000000,-0.0259448088379,0.209045294556,0.0933845269883,-0.0952340689043,0.106849862619,0.190609076645,0.230420785005,0.238365771707,1.38417735396,0.205952286694,true,0.00000000000,2.01397258846e-15,25.0000000000,1.00000000000
L1_Halo_04,L2_Lyapunov_04,2.00000000000,1.70522169245,0.491697950787,0.00000000000,0.400000000000,-0.0872399370155,0.174350101530,0.160319502906,-0.0215015045157,0.133649844466,0.197316608299,0.252410593133,0.239287357653,1.70522169245,0.205952286694,true,0.00000000000,1.12529219697e-14,31.0000000000,1.00000000000
L1_Halo_04,L2_Lyapunov_04,2.00000000000,2.02626603094,0.493106339151,0.800000000000,0.400000000000,-0.127158716947,0.197388336517,0.0689218768366,-0.0143610594150,0.141658113322,0.203540569838,0.244707416715,0.248398922436,2.02626603094,0.184466017236,true,0.00000000000,1.88920547024e-15,37.0000000000,1.00000000000
L1_Halo_04,L2_Lyapunov_04,2.00000000000,2.34731036942,0.602985752777,0.800000000000,0.400000000000,-0.125916648399,0.131239754290,0.200324957262,0.0229083324997,0.163276866310,0.288643508659,0.270571550522,0.332414202255,2.34731036942,0.184466017236,true,0.00000000000,3.96602141087e-15,43.0000000000,1.00000000000
L1_Halo_04,L2_Lyapunov_04,2.00000000000,2.66835470791,0.810321724833,0.800000000000,0.600000000000,-0.0349660365954,0.0478281037808,0.343645735695,-0.0767989514877,0.132946050274,0.435324613042,0.348715561580,0.461606163253,2.66835470791,0.184466017236,true,0.00000000000,6.18433280309e-15,49.0000000000,1.00000000000
L1_Halo_04,L2_Lyapunov_04,2.00000000000,2.98939904640,0.701424934639,0.600000000000,0.800000000000,0.304119618555,-0.0582370203313,-0.0625802880817,-0.324573793681,0.0594121652502,0.199366283254,0.315905975543,0.385518959096,2.98939904640,0.122520759327,true,0.00000000000,8.21822683560e-15,55.0000000000,1.00000000000
L1_Halo_04,L2_Lyapunov_05,2.00000000000,0.421044338489,0.863112068468,0.200000000000,0.200000000000,0.235445231190,0.327794359137,0.0464239884573,-0.385580032652,0.136604742855,0.203446415037,0.406249659048,0.456862409421,0.421044338489,0.184208947220,true,0.00000000000,2.95047613734e-16,7.00000000000,1.00000000000
L1_Halo_04,L2_Lyapunov_05,2.00000000000,0.742088676979,0.640090601394,0.200000000000,0.200000000000,0.0216213406041,0.265303843610,0.149652576346,-0.163338660900,0.260391922229,0.132498562881,0.305367819868,0.334722781526,0.742088676979,0.184466017272,true,0.00000000000,5.45037166045e-15,13.0000000000,1.00000000000
L1_Halo_04,L2_Lyapunov_05,2.00000000000,1.06313301547,0.566453522138,0.00000000000,0.200000000000,-0.0173826757031,0.184321105222,0.0257719436781,-0.156314399081,0.277785648112,0.206018257070,0.186924103116,0.379529419022,1.06313301547,0.205952286694,true,0.00000000000,3.78068416247e-13,19.0000000000,1.00000000000
L1_Halo_04,L2_Lyapunov_05,2.00000000000,1.38417735396,0.483617608330,0.00000000000,0.400000000000,-0.0160621031779,0.205756575516,0.0960433407294,-0.0935817799284,0.138561708216,0.193829206090,0.227635855754,0.255981752576,1.38417735396,0.205952286694,true,0.00000000000,2.44728881062e-15,25.0000000000,1.00000000000
L1_Halo_04,L2_Lyapunov_05,2.00000000000,1.70522169245,0.508315926289,0.00000000000,0.400000000000,-0.0792079003423,0.173055138425,0.162010274276,-0.0209741162275,0.162277514190,0.199962346567,0.249938595225,0.258377331064,1.70522169245,0.205952286694,true,0.00000000000,2.39323327546e-13,31.0000000000,1.00000000000
L1_Halo_04,L2_Lyapunov_05,2.00000000000,2.02626603094,0.509620463138,0.800000000000,0.400000000000,-0.121262463960,0.196323633380,0.0717755291507,-0.0148869242578,0.169032289342,0.207387509720,0.241659431378,0.267961031760,2.02626603094,0.184466017236,true,0.00000000000,3.67815214855e-15,37.0000000000,1.00000000000
L1_Halo_04,L2_Lyapunov_05,2.00000000000,2.34731036942,0.614418993832,0.800000000000,0.400000000000,-0.120922049801,0.131534794076,0.199515441574,0.0212305669904,0.188324406693,0.290191201335,0.267824486571,0.346594507261,2.34731036942,0.184466017236,true,0.00000000000,4.51630819778e-15,43.0000000000,1.00000000000
L1_Halo_04,L2_Lyapunov_05,2.00000000000,2.66835470791,0.850958019256,0.200000000000,0.600000000000,-0.218863791263,0.218517034614,0.486258623732,0.0566511867229,0.124642028568,0.238124099371,0.576279882259,0.274678136997,2.66835470791,0.184466017272,true,0.00000000000,1.42922272522e-15,49.0000000000,1.00000000000
L1_Halo_04,L2_Lyapunov_05,2.00000000000,2.98939904640,0.874638231521,0.800000000000,0.800000000000,-0.155171703585,0.176969298949,-0.433078496370,0.176166667260,0.216730436484,-0.260221069155,0.492903007073,0.381735224448,2.98939904640,0.170374707067,true,0.00000000000,3.92547651989e-15,55.0000000000,1.00000000000
L1_Halo_04,L2_Lyapunov_06,2.00000000000,0.421044338489,0.945360353094,0.200000000000,0.200000000000,0.302319576330,0.300516745771,0.0482999549343,-0.425924770165,0.207769371798,0.205058048757,0.428999214880,0.516361138213,0.421044338489,0.179279404388,true,0.00000000000,8.88453768606e-16,7.00000000000,1.00000000000
L1_Halo_04,L2_Lyapunov_06,2.00000000000,0.742088676979,0.669131103402,0.200000000000,0.00000000000,0.0871406172020,-0.144178243634,0.147598495034,-0.356125796142,0.230109078993,-0.135593016592,0.223978054372,0.445153049031,0.742088676979,0.0286375064708,true,0.00000000000,2.17337680675e-15,13.0000000000,1.00000000000
L1_Halo_04,L2_Lyapunov_06,2.00000000000,1.06313301547,0.478750115068,0.200000000000,0.200000000000,0.194994703976,-0.113791765128,0.200156930339,-0.156132959108,0.0452099847519,-0.0701327739363,0.301718904201,0.177031210867,1.06313301547,0.00815769501438,true,0.00000000000,1.44750481350e-14,19.0000000000,1.00000000000
L1_Halo_04,L2_Lyapunov_06,2.00000000000,1.38417735396,0.463121343931,0.800000000000,0.200000000000,0.289229530285,-0.0362633686694,-0.221284192010,-0.0461170493118,0.0320350030999,-0.0792779085000,0.365971920685,0.0971494232457,1.38417735396,0.0513973336195,true,0.00000000000,4.12684567118e-15,25.0000000000,1.00000000000
L1_Halo_04,L2_Lyapunov_06,2.00000000000,1.70522169245,0.530230596095,0.00000000000,0.400000000000,-0.0712220298970,0.171940647582,0.163796330060,-0.0220609225850,0.195141701957,0.202807988527,0.247922168381,0.282308427714,1.70522169245,0.205952286694,true,0.00000000000,2.95547996937e-12,31.0000000000,1.00000000000
L1_Halo_04,L2_Lyapunov_06,2.00000000000,2.02626603094,0.531009511291,0.800000000000,0.400000000000,-0.115433906244,0.195417949415,0.0747510406187,-0.0170213415370,0.200664757216,0.211513759940,0.238957903694,0.292051607597,2.02626603094,0.184466017236,true,0.00000000000,8.12138567736e-12,37.0000000000,1.00000000000
L1_Halo_04,L2_Lyapunov_06,2.00000000000,2.34731036942,0.630086326001,0.800000000000,0.400000000000,-0.116075903199,0.131922535970,0.198875548707,0.0178956223484,0.217771654750,0.291998385689,0.265383975917,0.364702350084,2.34731036942,0.184466017236,true,0.00000000000,3.82274742432e-15,43.0000000000,1.00000000000
L1_Halo_04,L2_Lyapunov_06,2.00000000000,2.66835470791,0.731490389017,0.600000000000,0.800000000000,0.0646098060502,0.0588168889795,0.246514373747,-0.135689771382,0.161222559056,0.420058219290,0.261540035044,0.469950353973,2.66835470791,0.121056658525,true,0.00000000000,3.97247680646e-15,49.0000000000,1.00000000000
L1_Halo_04,L2_Lyapunov_06,2.00000000000,2.98939904640,0.999501652797,0.600000000000,0.200000000000,-0.353010983008,0.362140677869,-0.0557816638102,0.163667918471,0.440848326950,0.140202652878,0.508796834413,0.490704818384,2.98939904640,0.122520759327,true,0.00000000000,1.61380963117e-14,55.0000000000,1.00000000000
L1_Halo_04,L2_Lyapunov_07,2.00000000000,0.421044338489,1.03793812504,0.200000000000,0.200000000000,0.368681057873,0.269888573283,0.0506158160204,-0.460473649739,0.281833056308,0.207096968781,0.459703736394,0.578234388643,0.421044338489,0.169713897646,true,0.00000000000,1.73010975579e-15,7.00000000000,1.00000000000
L1_Halo_04,L2_Lyapunov_07,2.00000000000,0.742088676979,0.488946089907,0.400000000000,0.200000000000,0.161830930116,0.0113449685114,0.270822526358,-0.162538490958,0.0222447618646,0.0557013709996,0.315694154263,0.173251935645,0.742088676979,0.00813812805873,true,0.00000000000,5.19114852765e-14,13.0000000000,1.00000000000
L1_Halo_04,L2_Lyapunov_07,2.00000000000,1.06313301547,0.485398662086,0.200000000000,0.200000000000,0.162077594359,-0.104216333543,0.221539093717,-0.168852059349,0.0404352220864,-0.0814552193017,0.293614987381,0.191783674705,1.06313301547,0.0111191736552,true,0.00000000000,5.78082388310e-12,19.0000000000,1.00000000000
L1_Halo_04,L2_Lyapunov_07,2.00000000000,1.38417735396,0.474801323979,0.800000000000,0.200000000000,0.279269649471,-0.0756447946390,-0.214010114179,-0.0654454090317,-0.0222664919308,-0.0918035348549,0.359880537182,0.114920786797,1.38417735396,0.0614193153451,true,0.00000000000,1.11338078280e-14,25.0000000000,1.00000000000
L1_Halo_04,L2_Lyapunov_07,2.00000000000,1.70522169245,0.556798283416,0.00000000000,0.400000000000,-0.0632137539052,0.170719963773,0.165798939971,-0.0232110906756,0.231241539777,0.206008588374,0.246232762257,0.310565521159,1.70522169245,0.205952286694,true,0.00000000000,7.89381624286e-16,31.0000000000,1.00000000000
L1_Halo_04,L2_Lyapunov_07,2.00000000000,2.02626603094,0.556590179369,0.800000000000,0.400000000000,-0.109467259230,0.194340739640,0.0780606143763,-0.0192931698100,0.235508007481,0.216193960116,0.236315178192,0.320275001178,2.02626603094,0.184466017236,true,0.00000000000,2.49318017720e-12,37.0000000000,1.00000000000
L1_Halo_04,L2_Lyapunov_07,2.00000000000,2.34731036942,0.646395785711,0.800000000000,0.600000000000,-0.0442025975093,0.127287193682,0.210681828739,-0.0299000034696,0.202592132499,0.339299719857,0.250085449922,0.396310335789,2.34731036942,0.184466017236,true,0.00000000000,1.84433468252e-12,43.0000000000,1.00000000000
L1_Halo_04,L2_Lyapunov_07,2.00000000000,2.66835470791,0.867509587819,0.800000000000,0.600000000000,-0.0525649512626,0.0403906529102,0.358299950715,-0.0285833884320,0.235256573654,0.443819736196,0.364380753644,0.503128834176,2.66835470791,0.184466017236,true,0.00000000000,9.34331893151e-16,49.0000000000,1.00000000000
L1_Halo_04,L2_Lyapunov_07,2.00000000000,2.98939904640,1.03376606024,0.600000000000,0.600000000000,-0.140537166177,0.137946545248,0.431640386468,-0.0287178729720,0.256735443022,0.496092505492,0.474440056965,0.559326003272,2.98939904640,0.121366446765,true,0.00000000000,1.86408574263e-15,55.0000000000,1.00000000000
L1_Halo_04,L2_Lyapunov_08,2.00000000000,0.421044338489,1.13450598910,0.200000000000,0.200000000000,0.433578899523,0.234639921186,0.0535300507659,-0.486095527345,0.357153357575,0.209705493238,0.495895171443,0.638610817655,0.421044338489,0.158766221431,true,0.00000000000,1.97563119509e-12,7.00000000000,1.00000000000
L1_Halo_04,L2_Lyapunov_08,2.00000000000,0.742088676979,0.660135366860,0.200000000000,0.00000000000,0.116680393785,-0.195599149477,0.117125603104,-0.350008362320,0.171779390188,-0.105940573819,0.256108860590,0.404026506270,0.742088676979,0.0301339292793,true,0.00000000000,5.76322268847e-16,13.0000000000,1.00000000000
L1_Halo_04,L2_Lyapunov_08,2.00000000000,1.06313301547,0.494277466094,0.200000000000,0.200000000000,0.132042476186,-0.100982649220,0.233005072277,-0.186375605428,0.0235696045051,-0.0894143581199,0.286223819183,0.208053646912,1.06313301547,0.0150441856226,true,0.00000000000,2.03785472694e-13,19.0000000000,1.00000000000
L1_Halo_04,L2_Lyapunov_08,2.00000000000,1.38417735396,0.503846906303,0.200000000000,0.800000000000,0.0348334457975,-0.163543995773,0.141579061155,-0.237456023666,0.118336599802,-0.103402659937,0.219099607615,0.284747298688,1.38417735396,0.0695667915865,true,0.00000000000,1.02836422319e-14,25.0000000000,1.00000000000
L1_Halo_04,L2_Lyapunov_08,2.00000000000,1.70522169245,0.581248468232,0.800000000000,0.400000000000,-0.0840394853253,0.236804782332,0.0122888046376,-0.0768342119570,0.258374286558,0.189798839294,0.251575346066,0.329673122166,1.70522169245,0.184444632590,true,0.00000000000,2.90681851868e-15,31.0000000000,1.00000000000
L1_Halo_04,L2_Lyapunov_08,2.00000000000,2.02626603094,0.585795885219,0.800000000000,0.400000000000,-0.102984967233,0.192732368165,0.0820298755707,-0.0201632292282,0.272992233825,0.221909848446,0.233410731759,0.352385153460,2.02626603094,0.184466017236,true,0.00000000000,5.39448128283e-15,37.0000000000,1.00000000000
L1_Halo_04,L2_Lyapunov_08,2.00000000000,2.34731036942,0.666784819820,0.800000000000,0.600000000000,-0.0514691185403,0.128196059973,0.209250061251,-0.0126849561164,0.244593166191,0.336317291618,0.250736690753,0.416048129068,2.34731036942,0.184466017236,true,0.00000000000,2.45343398356e-15,43.0000000000,1.00000000000
L1_Halo_04,L2_Lyapunov_08,2.00000000000,2.66835470791,0.880700568176,0.600000000000,0.600000000000,0.220242253601,0.353325809809,-0.434087638755,-0.0979952794710,-0.0173276125350,0.260884955199,0.601479722242,0.279220845934,2.66835470791,0.0856458571798,true,0.00000000000,2.03528079668e-12,49.0000000000,1.00000000000
L1_Halo_04,L2_Lyapunov_08,2.00000000000,2.98939904640,0.509194963992,0.00000000000,0.400000000000,0.114705425399,-0.253277941482,-0.121603766931,-0.0757494391692,-0.0365966717359,0.187736884433,0.303470799895,0.205724164097,2.98939904640,0.100096729622,true,0.00000000000,9.36370951003e-15,55.0000000000,1.00000000000
L1_Halo_04,L2_Lyapunov_09,2.00000000000,0.421044338489,1.18845920043,0.600000000000,0.800000000000,0.562647312994,0.245604583991,-0.186410050375,-0.502819413866,0.133534487807,-0.168532454646,0.641593576478,0.546865623954,0.421044338489,0.0973172967792,true,0.00000000000,9.31817312036e-16,7.00000000000,1.00000000000
L1_Halo_04,L2_Lyapunov_09,2.00000000000,0.742088676979,0.671614145987,0.200000000000,0.00000000000,0.132512886640,-0.216835318090,0.103352160724,-0.359249954130,0.140835398546,-0.0945343503466,0.274333536818,0.397280609169,0.742088676979,0.0296511829015,true,0.00000000000,2.91151327544e-14,13.0000000000,1.00000000000
L1_Halo_04,L2_Lyapunov_09,2.00000000000,1.06313301547,0.505709812965,0.200000000000,0.200000000000,0.109975927857,-0.106453500053,0.231227708580,-0.208454203445,0.00936964607960,-0.0929071150001,0.277296421897,0.228413391068,1.06313301547,0.0197587581318,true,0.00000000000,8.09995375837e-15,19.0000000000,1.00000000000
L1_Halo_04,L2_Lyapunov_09,2.00000000000,1.38417735396,0.510149221210,0.200000000000,0.800000000000,0.0310102477384,-0.137324202880,0.175089482548,-0.247016096155,0.0951810453081,-0.106877989163,0.224668420256,0.285480800954,1.38417735396,0.0649539622827,true,0.00000000000,8.07935482888e-15,25.0000000000,1.00000000000
L1_Halo_04,L2_Lyapunov_09,2.00000000000,1.70522169245,0.602222679938,0.800000000000,0.600000000000,0.00401379711583,0.202989773800,0.0786256277763,-0.0676534675534,0.262740546418,0.272453752297,0.217722181180,0.384500498758,1.70522169245,0.178936925947,true,0.00000000000,2.27990784544e-15,31.0000000000,1.00000000000
L1_Halo_04,L2_Lyapunov_09,2.00000000000,2.02626603094,0.616640465262,0.800000000000,0.600000000000,-0.0394294068774,0.175959374354,0.123432608068,-0.0198137154339,0.279249787838,0.283063702208,0.218522283267,0.398118181995,2.02626603094,0.184466017236,true,0.00000000000,1.99808798428e-15,37.0000000000,1.00000000000
L1_Halo_04,L2_Lyapunov_09,2.00000000000,2.34731036942,0.399588985372,0.400000000000,0.600000000000,-0.0710484703680,0.127871940479,0.257114034239,-0.0341779030990,-0.0249115617920,-0.0947641501014,0.295815389908,0.103773595464,2.34731036942,0.0387376909685,true,0.00000000000,9.26634010318e-14,43.0000000000,1.00000000000
L1_Halo_04,L2_Lyapunov_09,2.00000000000,2.66835470791,0.363586707017,0.200000000000,0.200000000000,0.00397070367792,-0.136690244725,0.151304607708,-0.0899264327126,-0.0802664051570,0.104672816295,0.203943800603,0.159642906414,2.66835470791,0.0905533504386,true,0.00000000000,4.31329940203e-14,49.0000000000,1.00000000000
L1_Halo_04,L2_Lyapunov_09,2.00000000000,2.98939904640,0.496689443658,0.00000000000,0.400000000000,0.113926767394,-0.246587309882,-0.100088627297,-0.0660049136428,0.00724833587179,0.196275158241,0.289486343439,0.207203100219,2.98939904640,0.0983651343903,true,0.00000000000,1.35352537522e-15,55.0000000000,1.00000000000
L1_Halo_04,L2_Lyapunov_10,2.00000000000,0.421044338489,1.24539930045,0.600000000000,0.800000000000,0.576400288187,0.314961557794,-0.206716811337,-0.521592022112,0.0677721100813,-0.182686071640,0.688599967470,0.556799332981,0.421044338489,0.0895218124133,true,0.00000000000,4.84871697335e-16,7.00000000000,1.00000000000
L1_Halo_04,L2_Lyapunov_10,2.00000000000,0.742088676979,0.689355349104,0.200000000000,0.00000000000,0.147927328635,-0.235061352549,0.0909678707847,-0.372421713913,0.108325948914,-0.0851955267730,0.292252438029,0.397102911075,0.742088676979,0.0287756431262,true,0.00000000000,9.02659359571e-15,13.0000000000,1.00000000000
L1_Halo_04,L2_Lyapunov_10,2.00000000000,1.06313301547,0.517698705709,0.200000000000,0.200000000000,0.0955500184945,-0.119030138032,0.219286732006,-0.232444536944,0.00353378349449,-0.0933656361424,0.267179060984,0.250519644725,1.06313301547,0.0251216722809,true,0.00000000000,2.20152030915e-14,19.0000000000,1.00000000000
L1_Halo_04,L2_Lyapunov_10,2.00000000000,1.38417735396,0.524462014823,0.200000000000,0.800000000000,0.0282683988643,-0.103278890176,0.211912993928,-0.253649680028,0.0755703466294,-0.111079476052,0.237429460105,0.287032554718,1.38417735396,0.0578049726600,true,0.00000000000,2.32496684223e-15,25.0000000000,1.00000000000
L1_Halo_04,L2_Lyapunov_10,2.00000000000,1.70522169245,0.658000742114,0.00000000000,0.400000000000,-0.0366099727192,0.163692229669,0.175018424990,-0.0110681568782,0.351873660227,0.220841018602,0.242418821964,0.415581920150,1.70522169245,0.186380721875,true,0.00000000000,1.38494938143e-15,31.0000000000,1.00000000000
L1_Halo_04,L2_Lyapunov_10,2.00000000000,2.02626603094,0.646940502675,0.800000000000,0.600000000000,-0.0479455920003,0.176789103194,0.119081726123,-0.00458284751932,0.325917845887,0.278091233646,0.218480260658,0.428460242018,2.02626603094,0.183567360545,true,0.00000000000,1.08197494238e-14,37.0000000000,1.00000000000
L1_Halo_04,L2_Lyapunov_10,2.00000000000,2.34731036942,0.724436949097,0.800000000000,0.600000000000,-0.0628100029740,0.126475267581,0.208803536028,0.0180137152552,0.334007775726,0.333531848988,0.252071431228,0.472365517870,2.34731036942,0.184466017236,true,0.00000000000,3.58101079582e-16,43.0000000000,1.00000000000
L1_Halo_04,L2_Lyapunov_10,2.00000000000,2.66835470791,0.456666212723,0.00000000000,0.200000000000,0.0749756707179,-0.171713151570,-0.0780553380856,-0.0481638780621,0.124911730210,0.215489799053,0.202976337107,0.253689875616,2.66835470791,0.0856212742001,true,0.00000000000,3.55295236897e-14,49.0000000000,1.00000000000
L1_Halo_04,L2_Lyapunov_10,2.00000000000,2.98939904640,1.15629975946,0.400000000000,0.600000000000,-0.261536267843,0.369001616177,-0.373820793521,0.0755206018583,0.351958178358,-0.441338926965,0.586775423657,0.569524335804,2.98939904640,0.122520759324,true,0.00000000000,1.70716318882e-15,55.0000000000,1.00000000000
L1_Halo_05,L2_Lyapunov_01,2.00000000000,0.421044338489,0.807165352178,0.200000000000,0.200000000000,0.0155380991317,0.474673577754,0.0592671977697,-0.264658469808,-0.117076353983,0.155552585692,0.478611573903,0.328553778275,0.421044338489,0.177676085089,true,0.00000000000,1.93067571313e-13,7.00000000000,1.00000000000
L1_Halo_05,L2_Lyapunov_01,2.00000000000,0.742088676979,0.538731406204,0.200000000000,0.200000000000,-0.100219409716,0.314598091496,0.140477429114,-0.106317968746,0.104751692754,0.100462365066,0.358817219971,0.179914186233,0.742088676979,0.177676085089,true,0.00000000000,2.88978133171e-13,13.0000000000,1.00000000000
L1_Halo_05,L2_Lyapunov_01,2.00000000000,1.06313301547,0.475253793669,0.00000000000,0.200000000000,-0.0939527839631,0.199328172543,0.0228354815615,-0.102655970824,0.160295811829,0.167741799838,0.221540752915,0.253713040754,1.06313301547,0.195235080916,true,0.00000000000,1.09502575188e-15,19.0000000000,1.00000000000
L1_Halo_05,L2_Lyapunov_01,2.00000000000,1.38417735396,0.470014219671,0.00000000000,0.400000000000,-0.0573476417711,0.255326329499,0.0822039342042,-0.113570249373,0.0367563045802,0.155102439359,0.274295047989,0.195719171682,1.38417735396,0.195235080916,true,0.00000000000,1.52931813747e-15,25.0000000000,1.00000000000
L1_Halo_05,L2_Lyapunov_01,2.00000000000,1.70522169245,0.464608873700,0.00000000000,0.400000000000,-0.113873127990,0.216357494777,0.142982929946,-0.0345322937775,0.0722559723419,0.162736794512,0.283234484271,0.181374389429,1.70522169245,0.195235080916,true,0.00000000000,4.56153403122e-16,31.0000000000,1.00000000000
L1_Halo_05,L2_Lyapunov_01,2.00000000000,2.02626603094,0.477964336709,0.800000000000,0.400000000000,-0.163878489810,0.247172145596,0.0406587444848,-0.0146901830866,0.0869540525877,0.155339902429,0.299338207525,0.178626129184,2.02626603094,0.177676084980,true,0.00000000000,6.95890775743e-12,37.0000000000,1.00000000000
L1_Halo_05,L2_Lyapunov_01,2.00000000000,2.34731036942,0.617357942047,0.800000000000,0.600000000000,-0.0155008737627,0.165199808153,0.222075147319,-0.110244681861,0.0529924619736,0.317387074770,0.277215845070,0.340142096977,2.34731036942,0.177676084980,true,0.00000000000,1.13613419826e-12,43.0000000000,1.00000000000
L1_Halo_05,L2_Lyapunov_01,2.00000000000,2.66835470791,0.741666950354,0.200000000000,0.600000000000,-0.192037941369,0.278850991170,0.421655347299,0.0159748164617,0.0489142072922,0.194197642834,0.540767674799,0.200899275555,2.66835470791,0.177676085089,true,0.00000000000,7.49657613314e-14,49.0000000000,1.00000000000
L1_Halo_05,L2_Lyapunov_01,2.00000000000,2.98939904640,0.516571102175,0.400000000000,0.600000000000,0.0354744187820,0.0669760976674,0.167928030632,-0.228640074925,-0.226100783524,-0.0839445904874,0.184239125917,0.332331976259,2.98939904640,0.0352706076097,true,0.00000000000,7.98647047284e-14,55.0000000000,1.00000000000
L1_Halo_05,L2_Lyapunov_02,2.00000000000,0.421044338489,0.797564212195,0.200000000000,0.200000000000,0.0722307730424,0.448338643236,0.0600821879125,-0.295256533407,-0.0608785250585,0.156105211516,0.458077169151,0.339487043045,0.421044338489,0.177676085089,true,0.00000000000,1.65442225970e-12,7.00000000000,1.00000000000
L1_Halo_05,L2_Lyapunov_02,2.00000000000,0.742088676979,0.557568437580,0.200000000000,0.200000000000,-0.0680082507718,0.310090145492,0.141334883968,-0.120199318177,0.139509847454,0.101082547646,0.347500460331,0.210067977249,0.742088676979,0.177676085089,true,0.00000000000,5.57647875164e-17,13.0000000000,1.00000000000
L1_Halo_05,L2_Lyapunov_02,2.00000000000,1.06313301547,0.492599930870,0.00000000000,0.200000000000,-0.0756678990377,0.201128966583,0.0244918747599,-0.112721628693,0.187153743098,0.169169580464,0.216283018457,0.276316912413,1.06313301547,0.195235080916,true,0.00000000000,2.52697689792e-15,19.0000000000,1.00000000000
L1_Halo_05,L2_Lyapunov_02,2.00000000000,1.38417735396,0.466287062819,0.00000000000,0.400000000000,-0.0472063177801,0.250269379505,0.0847952681008,-0.103615788896,0.0595159389886,0.157702074308,0.268427711402,0.197859351417,1.38417735396,0.195235080916,true,0.00000000000,7.12042213711e-16,25.0000000000,1.00000000000
L1_Halo_05,L2_Lyapunov_02,2.00000000000,1.70522169245,0.469198718639,0.00000000000,0.400000000000,-0.105071293216,0.213740086808,0.144891222637,-0.0257053727465,0.0914340137480,0.165040472143,0.278779962989,0.190418755650,1.70522169245,0.195235080916,true,0.00000000000,4.91440046593e-16,31.0000000000,1.00000000000
L1_Halo_05,L2_Lyapunov_02,2.00000000000,2.02626603094,0.484722227632,0.800000000000,0.400000000000,-0.157239481024,0.244998732905,0.0441594493215,-0.00700012747294,0.104586048352,0.158800636368,0.294446413601,0.190275814031,2.02626603094,0.177676084980,true,0.00000000000,1.57702919841e-15,37.0000000000,1.00000000000
L1_Halo_05,L2_Lyapunov_02,2.00000000000,2.34731036942,0.615985329598,0.800000000000,0.600000000000,-0.0244293248541,0.167079066863,0.220272653304,-0.0942517800931,0.0661953244899,0.318237949234,0.277546839813,0.338438489785,2.34731036942,0.177676084980,true,0.00000000000,3.91002979701e-15,43.0000000000,1.00000000000
L1_Halo_05,L2_Lyapunov_02,2.00000000000,2.66835470791,0.751452712691,0.200000000000,0.600000000000,-0.197027500758,0.275770130299,0.424432399071,0.0278142570021,0.0610287984822,0.197210283968,0.543149944492,0.208302768199,2.66835470791,0.177676085089,true,0.00000000000,9.25227026811e-13,49.0000000000,1.00000000000
L1_Halo_05,L2_Lyapunov_02,2.00000000000,2.98939904640,0.666213624787,0.600000000000,0.800000000000,0.282645453108,-0.0619974196938,0.0630241394039,-0.269844553114,0.0821079016554,0.239562321617,0.296148905720,0.370064719067,2.98939904640,0.123953040975,true,0.00000000000,7.22877361757e-15,55.0000000000,1.00000000000
L1_Halo_05,L2_Lyapunov_03,2.00000000000,0.421044338489,0.813337042231,0.200000000000,0.200000000000,0.131304519943,0.423481121678,0.0610385648593,-0.330467374724,-0.00237424448651,0.156793917567,0.447552057056,0.365784985175,0.421044338489,0.177676085089,true,0.00000000000,2.37147310944e-16,7.00000000000,1.00000000000
L1_Halo_05,L2_Lyapunov_03,2.00000000000,0.742088676979,0.586019424626,0.200000000000,0.200000000000,-0.0347220842836,0.307076866091,0.142292893752,-0.137338081055,0.176598886883,0.101827518180,0.340219182936,0.245800241690,0.742088676979,0.177676085089,true,0.00000000000,1.33714513276e-15,13.0000000000,1.00000000000
L1_Halo_05,L2_Lyapunov_03,2.00000000000,1.06313301547,0.517010367999,0.00000000000,0.200000000000,-0.0571395026468,0.204425063740,0.0263416417314,-0.125519831327,0.216619649167,0.170890007808,0.213888783102,0.303121584896,1.06313301547,0.195235080916,true,0.00000000000,1.65827315542e-15,19.0000000000,1.00000000000
L1_Halo_05,L2_Lyapunov_03,2.00000000000,1.38417735396,0.469094081221,0.00000000000,0.400000000000,-0.0373378472197,0.245974637301,0.0874220634694,-0.0963085345247,0.0846874424172,0.160428908464,0.263704861941,0.205389219280,1.38417735396,0.195235080916,true,0.00000000000,4.28147154896e-16,25.0000000000,1.00000000000
L1_Halo_05,L2_Lyapunov_03,2.00000000000,1.70522169245,0.478134933931,0.00000000000,0.400000000000,-0.0966936646853,0.211684961150,0.146770660460,-0.0195074572703,0.113148352606,0.167403715772,0.275139626988,0.202995306943,1.70522169245,0.195235080916,true,0.00000000000,8.10031574749e-14,31.0000000000,1.00000000000
L1_Halo_05,L2_Lyapunov_03,2.00000000000,2.02626603094,0.495125379386,0.800000000000,0.400000000000,-0.151074772560,0.243350522293,0.0475559063565,-0.00185324301487,0.124863764709,0.162288323978,0.290352592262,0.204772787123,2.02626603094,0.177676084980,true,0.00000000000,1.36234914368e-15,37.0000000000,1.00000000000
L1_Halo_05,L2_Lyapunov_03,2.00000000000,2.34731036942,0.615264068782,0.800000000000,0.600000000000,-0.0336254765960,0.169456197594,0.217707319313,-0.0771882893889,0.0842086443571,0.317408600890,0.277925444070,0.337338624712,2.34731036942,0.177676084980,true,0.00000000000,2.37532111227e-15,43.0000000000,1.00000000000
L1_Halo_05,L2_Lyapunov_03,2.00000000000,2.66835470791,0.763005783091,0.200000000000,0.600000000000,-0.202174979602,0.272948720739,0.426624368042,0.0404829053444,0.0775697182740,0.199316611200,0.545329329797,0.217676453294,2.66835470791,0.177676085089,true,0.00000000000,6.09829956045e-15,49.0000000000,1.00000000000
L1_Halo_05,L2_Lyapunov_03,2.00000000000,2.98939904640,0.893652485036,0.600000000000,0.800000000000,0.0703649052588,0.0644173329845,0.372594614084,-0.126170712829,0.175846074582,0.460738296706,0.384613519166,0.509038965869,2.98939904640,0.121549335456,true,0.00000000000,8.58593894396e-14,55.0000000000,1.00000000000
L1_Halo_05,L2_Lyapunov_04,2.00000000000,0.421044338489,0.854353939689,0.200000000000,0.200000000000,0.193083693510,0.399416401009,0.0621788989944,-0.369775036510,0.0596182850787,0.157659377754,0.447974317985,0.406379621703,0.421044338489,0.177676085089,true,0.00000000000,4.52120625867e-16,7.00000000000,1.00000000000
L1_Halo_05,L2_Lyapunov_04,2.00000000000,0.742088676979,0.623949608050,0.200000000000,0.200000000000,0.0000282538373678,0.305238576253,0.143380547819,-0.157166440654,0.216680090662,0.102726616932,0.337236668712,0.286712939337,0.742088676979,0.177676085089,true,0.00000000000,2.14651479227e-13,13.0000000000,1.00000000000
L1_Halo_05,L2_Lyapunov_04,2.00000000000,1.06313301547,0.548621222685,0.00000000000,0.200000000000,-0.0380199515527,0.209061908294,0.0284447324496,-0.140431907934,0.249140537710,0.172976389282,0.214386335898,0.334234886786,1.06313301547,0.195235080916,true,0.00000000000,8.64612249787e-12,19.0000000000,1.00000000000
L1_Halo_05,L2_Lyapunov_04,2.00000000000,1.38417735396,0.461517361017,0.200000000000,0.400000000000,0.223688661516,-0.116883350977,0.188353273976,-0.107008368731,-0.0771584138657,-0.0639238283963,0.314921086693,0.146596274324,1.38417735396,0.00958727864698,true,0.00000000000,8.20849958023e-14,25.0000000000,1.00000000000
L1_Halo_05,L2_Lyapunov_04,2.00000000000,1.70522169245,0.491761170038,0.00000000000,0.400000000000,-0.0886979382788,0.210183271546,0.148602627448,-0.0162083013264,0.138147916500,0.169799722974,0.272262874401,0.219498295637,1.70522169245,0.195235080916,true,0.00000000000,8.71529159477e-16,31.0000000000,1.00000000000
L1_Halo_05,L2_Lyapunov_04,2.00000000000,2.02626603094,0.509603850255,0.800000000000,0.400000000000,-0.145360273942,0.242233591199,0.0508095737193,0.000483860740469,0.148531319977,0.165757933641,0.287033682217,0.222570168037,2.02626603094,0.177676084980,true,0.00000000000,8.94513494101e-14,37.0000000000,1.00000000000
L1_Halo_05,L2_Lyapunov_04,2.00000000000,2.34731036942,0.616397120463,0.800000000000,0.600000000000,-0.0429257478943,0.172201342528,0.214428901188,-0.0593785558138,0.107739390390,0.314874525212,0.278344527278,0.338052593186,2.34731036942,0.177676084980,true,0.00000000000,2.00532833319e-15,43.0000000000,1.00000000000
L1_Halo_05,L2_Lyapunov_04,2.00000000000,2.66835470791,0.668439512108,0.800000000000,0.400000000000,0.238876427338,-0.114314832516,0.123185258620,-0.184416162449,-0.288142626513,-0.156904727122,0.292069232224,0.376370279884,2.66835470791,0.0720198934921,true,0.00000000000,1.59150045720e-13,49.0000000000,1.00000000000
L1_Halo_05,L2_Lyapunov_04,2.00000000000,2.98939904640,0.780722575879,0.800000000000,0.800000000000,-0.169680853608,0.246818744297,-0.341865361819,0.186480554780,0.178974926693,-0.199010021997,0.454514037439,0.326208538440,2.98939904640,0.171368168397,true,0.00000000000,2.89575414507e-13,55.0000000000,1.00000000000
L1_Halo_05,L2_Lyapunov_05,2.00000000000,0.421044338489,0.917612285700,0.200000000000,0.200000000000,0.257305801034,0.374943238980,0.0635636528561,-0.411190010788,0.126080069616,0.158757522754,0.459161241469,0.458451044231,0.421044338489,0.177514496180,true,0.00000000000,4.52832246156e-16,7.00000000000,1.00000000000
L1_Halo_05,L2_Lyapunov_05,2.00000000000,0.742088676979,0.636803915500,0.200000000000,0.00000000000,0.0883258525011,-0.103260628708,0.149077668986,-0.344272540556,0.230175053249,-0.133414653824,0.201713571808,0.435090343692,0.742088676979,0.0300778163450,true,0.00000000000,4.49278910444e-14,13.0000000000,1.00000000000
L1_Halo_05,L2_Lyapunov_05,2.00000000000,1.06313301547,0.464947426386,0.200000000000,0.200000000000,0.247327045394,-0.106765913599,0.164061413189,-0.129168257787,0.0564528666366,-0.0498897106842,0.315413656945,0.149533769441,1.06313301547,0.00468535667859,true,0.00000000000,1.59673826723e-14,19.0000000000,1.00000000000
L1_Halo_05,L2_Lyapunov_05,2.00000000000,1.38417735396,0.461216280068,0.200000000000,0.400000000000,0.194976531151,-0.104325736015,0.213673726285,-0.110062483493,-0.0735447174012,-0.0781419216496,0.307499866990,0.153716413077,1.38417735396,0.0138448236140,true,0.00000000000,5.09612422479e-14,25.0000000000,1.00000000000
L1_Halo_05,L2_Lyapunov_05,2.00000000000,1.70522169245,0.510427948015,0.00000000000,0.400000000000,-0.0809844728213,0.209116634507,0.150417974559,-0.0155087001271,0.166978749076,0.172252349123,0.270025589039,0.240402358975,1.70522169245,0.195235080916,true,0.00000000000,7.00633978611e-16,31.0000000000,1.00000000000
L1_Halo_05,L2_Lyapunov_05,2.00000000000,2.02626603094,0.528601456913,0.800000000000,0.400000000000,-0.139982886391,0.241535895489,0.0539802422734,0.000287362194031,0.176113822703,0.169257169339,0.284338994596,0.244262462316,2.02626603094,0.177676084980,true,0.00000000000,3.95705055061e-15,37.0000000000,1.00000000000
L1_Halo_05,L2_Lyapunov_05,2.00000000000,2.34731036942,0.607347769521,0.800000000000,0.400000000000,-0.139845689320,0.183166462119,0.178731727371,0.0391868214973,0.190659038175,0.248570275682,0.291636417540,0.315711351981,2.34731036942,0.177676084980,true,0.00000000000,7.02143273393e-15,43.0000000000,1.00000000000
L1_Halo_05,L2_Lyapunov_05,2.00000000000,2.66835470791,0.743404665971,0.00000000000,0.200000000000,0.0241021216954,0.0135786775174,0.433382270718,-0.230559491886,-0.178426127411,-0.102830936225,0.434264303536,0.309140362435,2.66835470791,0.0189655438201,true,0.00000000000,2.58523983247e-12,49.0000000000,1.00000000000
L1_Halo_05,L2_Lyapunov_05,2.00000000000,2.98939904640,0.840815487400,0.800000000000,0.00000000000,0.377688934498,-0.250472639561,-0.103107353662,-0.154362088500,0.0947618230440,-0.329542627431,0.464775860808,0.376039626592,2.98939904640,0.0670657732355,true,0.00000000000,3.21976797699e-15,55.0000000000,1.00000000000
L1_Halo_05,L2_Lyapunov_06,2.00000000000,0.421044338489,0.998298624911,0.200000000000,0.200000000000,0.323621054821,0.348278645582,0.0652931564693,-0.451583534125,0.197902619676,0.160178621382,0.479887276737,0.518411348174,0.421044338489,0.173448142626,true,0.00000000000,2.38142952549e-16,7.00000000000,1.00000000000
L1_Halo_05,L2_Lyapunov_06,2.00000000000,0.742088676979,0.619255179031,0.200000000000,0.00000000000,0.103097221181,-0.133674660400,0.135430443764,-0.326412599094,0.204881871813,-0.117265406174,0.216424021187,0.402831157845,0.742088676979,0.0326274960028,true,0.00000000000,6.20531614919e-16,13.0000000000,1.00000000000
L1_Halo_05,L2_Lyapunov_06,2.00000000000,1.06313301547,0.465585501601,0.200000000000,0.200000000000,0.215798428234,-0.0984231406657,0.183980743886,-0.136506541963,0.0712825903512,-0.0603772518248,0.300174932943,0.165410568658,1.06313301547,0.00703382076852,true,0.00000000000,9.85928884201e-14,19.0000000000,1.00000000000
L1_Halo_05,L2_Lyapunov_06,2.00000000000,1.38417735396,0.483933437712,0.200000000000,0.400000000000,0.156524449456,-0.0874179729640,0.244231031386,-0.126326396634,-0.0888345509219,-0.0943290020795,0.302969638688,0.180963799024,1.38417735396,0.0207064628841,true,0.00000000000,8.49003295049e-15,25.0000000000,1.00000000000
L1_Halo_05,L2_Lyapunov_06,2.00000000000,1.70522169245,0.534464666027,0.00000000000,0.400000000000,-0.0733227970294,0.208244634442,0.152331465357,-0.0164093722026,0.200061979109,0.174892048659,0.268229259544,0.266235406483,1.70522169245,0.195235080916,true,0.00000000000,6.98536808842e-12,31.0000000000,1.00000000000
L1_Halo_05,L2_Lyapunov_06,2.00000000000,2.02626603094,0.552505784067,0.800000000000,0.400000000000,-0.134680451289,0.241010091614,0.0572856577016,-0.00150755879251,0.207980817800,0.173008765689,0.281968676979,0.270537107088,2.02626603094,0.177676084980,true,0.00000000000,1.43280180092e-13,37.0000000000,1.00000000000
L1_Halo_05,L2_Lyapunov_06,2.00000000000,2.34731036942,0.625465542302,0.800000000000,0.400000000000,-0.135392342383,0.183526149398,0.178887486097,0.0360924951128,0.220353050465,0.250557201890,0.289851111039,0.335614431263,2.34731036942,0.177676084980,true,0.00000000000,2.08411170801e-13,43.0000000000,1.00000000000
L1_Halo_05,L2_Lyapunov_06,2.00000000000,2.66835470791,0.817142694512,0.800000000000,0.600000000000,-0.0621004021762,0.0953876164997,0.347363816993,-0.0252431499365,0.192559606298,0.407715345821,0.365536425939,0.451606268573,2.66835470791,0.177676084980,true,0.00000000000,6.48712827246e-15,49.0000000000,1.00000000000
L1_Halo_05,L2_Lyapunov_06,2.00000000000,2.98939904640,0.985333926291,0.600000000000,0.600000000000,-0.198788595874,0.241024722918,0.404338973421,-0.00382195356072,0.203611002054,0.428416012183,0.510979283665,0.474354642626,2.98939904640,0.125199764186,true,0.00000000000,2.20707842528e-15,55.0000000000,1.00000000000
L1_Halo_05,L2_Lyapunov_07,2.00000000000,0.421044338489,1.08796908302,0.200000000000,0.200000000000,0.389395478409,0.318449601478,0.0674476018032,-0.486056230710,0.272788684467,0.161998541460,0.507531443632,0.580437639390,0.421044338489,0.164808723683,true,0.00000000000,1.64009957981e-13,7.00000000000,1.00000000000
L1_Halo_05,L2_Lyapunov_07,2.00000000000,0.742088676979,0.618383823296,0.200000000000,0.00000000000,0.120052650759,-0.161166584238,0.122111008966,-0.322577525476,0.179361295320,-0.103134528313,0.235156129709,0.383227693586,0.742088676979,0.0338128649813,true,0.00000000000,3.94089226989e-15,13.0000000000,1.00000000000
L1_Halo_05,L2_Lyapunov_07,2.00000000000,1.06313301547,0.458866287721,0.200000000000,0.200000000000,0.178990928833,-0.0916642423288,0.203916909998,-0.143556584331,0.0629075691642,-0.0719752183865,0.286395167748,0.172471119973,1.06313301547,0.0109159433490,true,0.00000000000,2.50154801855e-14,19.0000000000,1.00000000000
L1_Halo_05,L2_Lyapunov_07,2.00000000000,1.38417735396,0.437900740517,0.800000000000,0.200000000000,0.283833681481,-0.0659813994167,-0.186229056591,-0.0535915426732,-0.00275320909959,-0.0748192916369,0.345827074317,0.0920736661999,1.38417735396,0.0605257802119,true,0.00000000000,4.87305641118e-15,25.0000000000,1.00000000000
L1_Halo_05,L2_Lyapunov_07,2.00000000000,1.70522169245,0.563065025248,0.00000000000,0.400000000000,-0.0656507555091,0.207288477372,0.154461682976,-0.0173505105956,0.236405291611,0.177861672150,0.266715102793,0.296349922455,1.70522169245,0.195235080916,true,0.00000000000,3.19497793649e-14,31.0000000000,1.00000000000
L1_Halo_05,L2_Lyapunov_07,2.00000000000,2.02626603094,0.580517127384,0.800000000000,0.400000000000,-0.129266153594,0.240342113899,0.0609567460930,-0.00340699171107,0.243105781091,0.177269331142,0.279624382114,0.300892745269,2.02626603094,0.177676084980,true,0.00000000000,2.62163012367e-15,37.0000000000,1.00000000000
L1_Halo_05,L2_Lyapunov_07,2.00000000000,2.34731036942,0.647384225073,0.800000000000,0.600000000000,-0.0685340609745,0.179425401195,0.203263163184,-0.00597752927869,0.210145302373,0.301709811915,0.279653903272,0.367730321801,2.34731036942,0.177676084980,true,0.00000000000,1.02952249158e-15,43.0000000000,1.00000000000
L1_Halo_05,L2_Lyapunov_07,2.00000000000,2.66835470791,0.839684157356,0.800000000000,0.600000000000,-0.0671301544179,0.0930922493495,0.351286002699,-0.00938701274349,0.230871418181,0.409422935154,0.369559846592,0.470124310764,2.66835470791,0.177676084980,true,0.00000000000,1.23838444528e-13,49.0000000000,1.00000000000
L1_Halo_05,L2_Lyapunov_07,2.00000000000,2.98939904640,0.983818854113,0.400000000000,0.800000000000,-0.0408728045369,0.611040391553,0.133550416629,0.122559353769,0.322960669834,-0.0902162550012,0.626798739662,0.357020114451,2.98939904640,0.0706097145961,true,0.00000000000,4.99170223197e-15,55.0000000000,1.00000000000
L1_Halo_05,L2_Lyapunov_08,2.00000000000,0.421044338489,1.18060948125,0.200000000000,0.200000000000,0.453691933797,0.284235684994,0.0701868503236,-0.511416095524,0.349107701491,0.164360166138,0.539956006888,0.640653474364,0.421044338489,0.154123888824,true,0.00000000000,1.61635745624e-16,7.00000000000,1.00000000000
L1_Halo_05,L2_Lyapunov_08,2.00000000000,0.742088676979,0.629217455104,0.200000000000,0.00000000000,0.138007572475,-0.185028721923,0.109723062149,-0.328727062070,0.152437190529,-0.0911414357498,0.255579475632,0.373637979472,0.742088676979,0.0338572635144,true,0.00000000000,4.59915400148e-15,13.0000000000,1.00000000000
L1_Halo_05,L2_Lyapunov_08,2.00000000000,1.06313301547,0.454484615713,0.200000000000,0.200000000000,0.145223482758,-0.0911232068824,0.214316640921,-0.157403887011,0.0351982040125,-0.0799760947776,0.274453860152,0.180030755561,1.06313301547,0.0164166217759,true,0.00000000000,9.67400103229e-15,19.0000000000,1.00000000000
L1_Halo_05,L2_Lyapunov_08,2.00000000000,1.38417735396,0.467461853092,0.600000000000,0.00000000000,0.162931128209,0.0199243443547,-0.0345771429782,-0.116194806078,0.0986986819677,0.258043082431,0.167747163475,0.299714689617,1.38417735396,0.102368275219,true,0.00000000000,8.44941173921e-12,25.0000000000,1.00000000000
L1_Halo_05,L2_Lyapunov_08,2.00000000000,1.70522169245,0.498436304852,0.200000000000,0.800000000000,0.0588916265937,-0.193017269059,0.142079612224,-0.226742392930,0.0416095894877,-0.100881554162,0.246800538994,0.251635765858,1.70522169245,0.0842460518747,true,0.00000000000,6.90628083053e-15,31.0000000000,1.00000000000
L1_Halo_05,L2_Lyapunov_08,2.00000000000,2.02626603094,0.612017144935,0.800000000000,0.400000000000,-0.123398020075,0.239201231571,0.0653582610991,-0.00383264890426,0.280953962448,0.182489423798,0.276976538424,0.335040606511,2.02626603094,0.177676084980,true,0.00000000000,1.78409811079e-15,37.0000000000,1.00000000000
L1_Halo_05,L2_Lyapunov_08,2.00000000000,2.34731036942,0.670043908025,0.800000000000,0.600000000000,-0.0753534246785,0.180276115213,0.200494689608,0.0105220004608,0.251671816675,0.297856740282,0.279956669662,0.390087238363,2.34731036942,0.177676084980,true,0.00000000000,6.35135726488e-15,43.0000000000,1.00000000000
L1_Halo_05,L2_Lyapunov_08,2.00000000000,2.66835470791,0.288413097625,0.200000000000,0.200000000000,0.0202566325094,-0.123143072399,0.160768258954,-0.0247039775626,0.0202000635146,0.0786655121225,0.203521449798,0.0848916478277,2.66835470791,0.0923696470954,true,0.00000000000,2.33519485205e-14,49.0000000000,1.00000000000
L1_Halo_05,L2_Lyapunov_08,2.00000000000,2.98939904640,1.01694644830,0.600000000000,0.800000000000,-0.325190611692,0.436029018454,0.0627145586188,0.224499754201,0.345925717606,0.224220516930,0.547543016328,0.469403431975,2.98939904640,0.126817935194,true,0.00000000000,8.47750901143e-15,55.0000000000,1.00000000000
L1_Halo_05,L2_Lyapunov_09,2.00000000000,0.421044338489,1.23090012541,0.600000000000,0.800000000000,0.586607662494,0.213246710160,-0.158391244369,-0.532662776459,0.165449194145,-0.182779620221,0.643949140370,0.586950985038,0.421044338489,0.0913403167426,true,0.00000000000,2.65580229675e-16,7.00000000000,1.00000000000
L1_Halo_05,L2_Lyapunov_09,2.00000000000,0.742088676979,0.647682045957,0.200000000000,0.00000000000,0.155929761623,-0.205323335091,0.0985392185465,-0.340979278005,0.123589948457,-0.0812309677959,0.276010398508,0.371671647449,0.742088676979,0.0331548419472,true,0.00000000000,1.93639358772e-14,13.0000000000,1.00000000000
L1_Halo_05,L2_Lyapunov_09,2.00000000000,1.06313301547,0.460858926114,0.200000000000,0.200000000000,0.122826137605,-0.100272982937,0.210268832608,-0.179258677281,0.00984084302201,-0.0823331181596,0.263351311280,0.197507614835,1.06313301547,0.0226488176760,true,0.00000000000,1.50342187617e-14,19.0000000000,1.00000000000
L1_Halo_05,L2_Lyapunov_09,2.00000000000,1.38417735396,0.455167009469,0.600000000000,0.00000000000,0.171149070839,0.0257351938060,-0.0373827828104,-0.142215557115,0.0614269934461,0.230960082906,0.177064330400,0.278102679069,1.38417735396,0.108225399161,true,0.00000000000,2.52972499928e-15,25.0000000000,1.00000000000
L1_Halo_05,L2_Lyapunov_09,2.00000000000,1.70522169245,0.501137683081,0.200000000000,0.800000000000,0.0535898755195,-0.170089525293,0.174325084594,-0.223241426545,0.0240299182182,-0.113870875292,0.249382349999,0.251755333082,1.70522169245,0.0833486464165,true,0.00000000000,2.87468795494e-12,31.0000000000,1.00000000000
L1_Halo_05,L2_Lyapunov_09,2.00000000000,2.02626603094,0.643004767753,0.600000000000,0.600000000000,0.220772373902,-0.0243081682903,-0.116315000051,-0.318134124532,-0.164668656358,0.159882046224,0.250719977985,0.392284789767,2.02626603094,0.126817935194,true,0.00000000000,1.10451175230e-13,37.0000000000,1.00000000000
L1_Halo_05,L2_Lyapunov_09,2.00000000000,2.34731036942,0.698416147041,0.800000000000,0.600000000000,-0.0811115804436,0.179955148204,0.198733511669,0.0259963295495,0.295275512523,0.295164463335,0.280103467503,0.418312679537,2.34731036942,0.177676084980,true,0.00000000000,9.17373200141e-13,43.0000000000,1.00000000000
L1_Halo_05,L2_Lyapunov_09,2.00000000000,2.66835470791,0.902140621008,0.800000000000,0.600000000000,-0.0748666317333,0.0856132372975,0.361716106000,0.0202420597928,0.316657429377,0.415706702217,0.379174340228,0.522966280779,2.66835470791,0.177676084980,true,0.00000000000,2.32175426245e-14,49.0000000000,1.00000000000
L1_Halo_05,L2_Lyapunov_09,2.00000000000,2.98939904640,1.04036222726,0.600000000000,0.800000000000,-0.325425682017,0.423572150578,0.0858539560581,0.216273017181,0.387704194906,0.228624858998,0.541004753244,0.499357474021,2.98939904640,0.126817935194,true,0.00000000000,7.42423581301e-12,55.0000000000,1.00000000000
L1_Halo_05,L2_Lyapunov_10,2.00000000000,0.421044338489,1.28321047431,0.600000000000,0.800000000000,0.599431606564,0.284580748238,-0.185038229100,-0.549677150279,0.100696832774,-0.202371666909,0.688871250267,0.594339224044,0.421044338489,0.0835168637443,true,0.00000000000,2.69205795389e-15,7.00000000000,1.00000000000
L1_Halo_05,L2_Lyapunov_10,2.00000000000,0.742088676979,0.670906957957,0.200000000000,0.00000000000,0.173102090295,-0.222476787679,0.0886060692078,-0.356356124011,0.0927260460908,-0.0731707624528,0.295484839240,0.375422118717,0.742088676979,0.0320767480401,true,0.00000000000,2.87205311340e-15,13.0000000000,1.00000000000
L1_Halo_05,L2_Lyapunov_10,2.00000000000,1.06313301547,0.475168236532,0.200000000000,0.200000000000,0.110383320795,-0.116277671583,0.196649876272,-0.205892730673,-0.00440727079421,-0.0814006441410,0.253724551938,0.221443684593,1.06313301547,0.0290843192933,true,0.00000000000,2.18971971469e-13,19.0000000000,1.00000000000
L1_Halo_05,L2_Lyapunov_10,2.00000000000,1.38417735396,0.453520720036,0.600000000000,0.00000000000,0.178680670295,0.0317044390150,-0.0392626543202,-0.164877122622,0.0252225729317,0.209578464815,0.185670432257,0.267850287779,1.38417735396,0.111781164949,true,0.00000000000,1.98255486565e-15,25.0000000000,1.00000000000
L1_Halo_05,L2_Lyapunov_10,2.00000000000,1.70522169245,0.511286447316,0.200000000000,0.800000000000,0.0476545341430,-0.131312422580,0.218755729623,-0.212854200725,0.0160864045217,-0.133431013853,0.259553416836,0.251733030480,1.70522169245,0.0801845134204,true,0.00000000000,4.41359665535e-12,31.0000000000,1.00000000000
L1_Halo_05,L2_Lyapunov_10,2.00000000000,2.02626603094,0.610061539999,0.200000000000,0.800000000000,0.0495749728086,-0.0692004439103,0.314248690689,-0.187164081817,0.0526695010313,-0.207674083545,0.325574291009,0.284487248989,2.02626603094,0.0858306434488,true,0.00000000000,8.86709769843e-15,37.0000000000,1.00000000000
L1_Halo_05,L2_Lyapunov_10,2.00000000000,2.34731036942,0.731387769251,0.800000000000,0.600000000000,-0.0857842947033,0.178366292908,0.198143400706,0.0400732566244,0.340188774689,0.293873077712,0.280061219927,0.451326549324,2.34731036942,0.177676084980,true,0.00000000000,2.82396474287e-12,43.0000000000,1.00000000000
L1_Halo_05,L2_Lyapunov_10,2.00000000000,2.66835470791,0.941765871312,0.800000000000,0.600000000000,-0.0773301217546,0.0799145270333,0.368752377924,0.0330997063177,0.362424374250,0.421151189317,0.385155287625,0.556610583687,2.66835470791,0.177676084980,true,0.00000000000,3.90440436867e-15,49.0000000000,1.00000000000
L1_Halo_05,L2_Lyapunov_10,2.00000000000,2.98939904640,0.773385698446,0.600000000000,0.800000000000,0.299096232457,-0.0527696109937,-0.227403345382,-0.356372353559,-0.0670309746823,0.154009052866,0.379414640737,0.393971057709,2.98939904640,0.126817935194,true,0.00000000000,7.04586017996e-12,55.0000000000,1.00000000000
L1_Halo_06,L2_Lyapunov_01,2.00000000000,0.421044338489,0.869342084712,0.200000000000,0.200000000000,0.0327677004639,0.523824820254,0.0656398059470,-0.289741281378,-0.135060419788,0.116978792970,0.528937376853,0.340404707858,0.421044338489,0.171770201504,true,0.00000000000,5.61461173028e-13,7.00000000000,1.00000000000
L1_Halo_06,L2_Lyapunov_01,2.00000000000,0.742088676979,0.559342490635,0.200000000000,0.200000000000,-0.0886492070470,0.352217091152,0.127241265598,-0.121611808537,0.0995416735040,0.0758372905441,0.384845294736,0.174497195899,0.742088676979,0.171770201504,true,0.00000000000,2.30244543970e-16,13.0000000000,1.00000000000
L1_Halo_06,L2_Lyapunov_01,2.00000000000,1.06313301547,0.488204759251,0.00000000000,0.200000000000,-0.0950407774540,0.230675377539,0.0246939064260,-0.102147195404,0.165091669524,0.136807130493,0.250706338564,0.237498420687,1.06313301547,0.185622947587,true,0.00000000000,4.12217372491e-14,19.0000000000,1.00000000000
L1_Halo_06,L2_Lyapunov_01,2.00000000000,1.38417735396,0.479433628756,0.00000000000,0.400000000000,-0.0605432981439,0.290063274888,0.0749495932317,-0.110906810800,0.0414010884043,0.127230809664,0.305646259448,0.173787369307,1.38417735396,0.185622947587,true,0.00000000000,1.33314944264e-15,25.0000000000,1.00000000000
L1_Halo_06,L2_Lyapunov_01,2.00000000000,1.70522169245,0.463499962136,0.00000000000,0.400000000000,-0.117091116630,0.253644119979,0.126120449515,-0.0301585668910,0.0757092322789,0.134173575102,0.306515965293,0.156983996843,1.70522169245,0.185622947587,true,0.00000000000,7.75959860564e-12,31.0000000000,1.00000000000
L1_Halo_06,L2_Lyapunov_01,2.00000000000,2.02626603094,0.491262745722,0.800000000000,0.400000000000,-0.178661072949,0.290607841176,0.0189751869582,-0.00167753534034,0.0922627337547,0.117750713786,0.341661753874,0.149600991848,2.02626603094,0.171770201265,true,0.00000000000,8.45070945388e-12,37.0000000000,1.00000000000
L1_Halo_06,L2_Lyapunov_01,2.00000000000,2.34731036942,0.561786875272,0.800000000000,0.400000000000,-0.181446731850,0.238856912050,0.144710737911,0.0467542897638,0.113199899196,0.193194717043,0.333041646945,0.228745228327,2.34731036942,0.171770201265,true,0.00000000000,1.78492529977e-15,43.0000000000,1.00000000000
L1_Halo_06,L2_Lyapunov_01,2.00000000000,2.66835470791,0.688236627103,0.200000000000,0.600000000000,-0.189254261021,0.323326259894,0.358687431983,0.0257185434381,0.0515698400994,0.159478947078,0.518665325151,0.169571301952,2.66835470791,0.171770201504,true,0.00000000000,6.64502190431e-15,49.0000000000,1.00000000000
L1_Halo_06,L2_Lyapunov_01,2.00000000000,2.98939904640,0.831255857752,0.600000000000,0.400000000000,-0.348627400264,0.420888396894,0.126360358839,0.146874820171,0.136987611225,0.180920389779,0.560941215406,0.270314642347,2.98939904640,0.130372373814,true,0.00000000000,1.56997841584e-15,55.0000000000,1.00000000000
L1_Halo_06,L2_Lyapunov_02,2.00000000000,0.421044338489,0.860196038084,0.200000000000,0.200000000000,0.0890383852082,0.497654490596,0.0663426796008,-0.320527512257,-0.0786387079092,0.117437004304,0.509891338608,0.350304699476,0.421044338489,0.171770201504,true,0.00000000000,4.70369414959e-12,7.00000000000,1.00000000000
L1_Halo_06,L2_Lyapunov_02,2.00000000000,0.742088676979,0.580781470123,0.200000000000,0.200000000000,-0.0569363629409,0.347857644790,0.127987677652,-0.135683007135,0.134556939136,0.0763490241322,0.375003381444,0.205778088680,0.742088676979,0.171770201504,true,0.00000000000,3.38109247107e-16,13.0000000000,1.00000000000
L1_Halo_06,L2_Lyapunov_02,2.00000000000,1.06313301547,0.508515777258,0.00000000000,0.200000000000,-0.0772301395200,0.232713668877,0.0263380865038,-0.112201711563,0.192197776457,0.138087807107,0.246604624719,0.261911152539,1.06313301547,0.185622947587,true,0.00000000000,2.70374890078e-12,19.0000000000,1.00000000000
L1_Halo_06,L2_Lyapunov_02,2.00000000000,1.38417735396,0.476275892625,0.00000000000,0.400000000000,-0.0508070772902,0.285316199065,0.0774269138164,-0.100815390455,0.0644064369547,0.129506987636,0.299969364327,0.176306528297,1.38417735396,0.185622947587,true,0.00000000000,1.27339310224e-15,25.0000000000,1.00000000000
L1_Halo_06,L2_Lyapunov_02,2.00000000000,1.70522169245,0.469695668198,0.00000000000,0.400000000000,-0.108658169633,0.251289488193,0.128037898665,-0.0211655110418,0.0950749868917,0.136218384826,0.302236179501,0.167459488697,1.70522169245,0.185622947587,true,0.00000000000,3.45648628953e-14,31.0000000000,1.00000000000
L1_Halo_06,L2_Lyapunov_02,2.00000000000,2.02626603094,0.500745543256,0.800000000000,0.400000000000,-0.172646713074,0.289008739150,0.0222340437495,0.00637836553680,0.110036550398,0.120576088788,0.337383004228,0.163362539028,2.02626603094,0.171770201265,true,0.00000000000,4.72209510848e-12,37.0000000000,1.00000000000
L1_Halo_06,L2_Lyapunov_02,2.00000000000,2.34731036942,0.569643295742,0.800000000000,0.400000000000,-0.175796125047,0.238052534615,0.145893490332,0.0534081143787,0.128341737203,0.195282474073,0.329936656556,0.239706639186,2.34731036942,0.171770201265,true,0.00000000000,3.25025953352e-14,43.0000000000,1.00000000000
L1_Halo_06,L2_Lyapunov_02,2.00000000000,2.66835470791,0.698281330585,0.200000000000,0.600000000000,-0.194088804660,0.320355236316,0.361045405184,0.0375031685735,0.0637075225213,0.161965648859,0.520241988054,0.178039342531,2.66835470791,0.171770201504,true,0.00000000000,3.75329128119e-15,49.0000000000,1.00000000000
L1_Halo_06,L2_Lyapunov_02,2.00000000000,2.98939904640,0.466547843610,0.400000000000,0.600000000000,0.0677156724957,0.0469250905359,0.138698250157,-0.198120218278,-0.217805438743,-0.0804510819456,0.161321359466,0.305226484144,2.98939904640,0.0416618268640,true,0.00000000000,1.64013175567e-13,55.0000000000,1.00000000000
L1_Halo_06,L2_Lyapunov_03,2.00000000000,0.421044338489,0.875577712079,0.200000000000,0.200000000000,0.147639361227,0.473033895020,0.0671736805540,-0.355929102137,-0.0198272659043,0.118012016219,0.500070745176,0.375506966904,0.421044338489,0.171770201504,true,0.00000000000,6.66715243809e-16,7.00000000000,1.00000000000
L1_Halo_06,L2_Lyapunov_03,2.00000000000,0.742088676979,0.611831781232,0.200000000000,0.200000000000,-0.0241906155109,0.345058989520,0.128826973415,-0.153002862138,0.171979052334,0.0769665276025,0.369116893689,0.242714887544,0.742088676979,0.171770201504,true,0.00000000000,3.79633185381e-13,13.0000000000,1.00000000000
L1_Halo_06,L2_Lyapunov_03,2.00000000000,1.06313301547,0.458246790721,0.200000000000,0.200000000000,0.318543348806,-0.103376593606,0.116838676786,-0.0981801374461,0.0172607615324,-0.0280338908133,0.354694039373,0.103552751348,1.06313301547,0.00200890211608,false,0.00000000000,4.88046451093e-13,19.0000000000,1.00000000000
L1_Halo_06,L2_Lyapunov_03,2.00000000000,1.38417735396,0.480285132166,0.00000000000,0.400000000000,-0.0413466337906,0.281347548964,0.0799460678825,-0.0933618141911,0.0898391531535,0.131899158329,0.295393570011,0.184891562155,1.38417735396,0.185622947587,true,0.00000000000,9.10386119571e-16,25.0000000000,1.00000000000
L1_Halo_06,L2_Lyapunov_03,2.00000000000,1.70522169245,0.480522022845,0.00000000000,0.400000000000,-0.100641928261,0.249500782265,0.129930541203,-0.0147976712449,0.116980846602,0.138317040170,0.298766436555,0.181755586290,1.70522169245,0.185622947587,true,0.00000000000,7.55703333507e-15,31.0000000000,1.00000000000
L1_Halo_06,L2_Lyapunov_03,2.00000000000,2.02626603094,0.513840749723,0.800000000000,0.400000000000,-0.167086909707,0.287920723486,0.0254100288574,0.0118814956915,0.130454826860,0.123424802805,0.333859323630,0.179981426093,2.02626603094,0.171770201265,true,0.00000000000,9.55691063364e-12,37.0000000000,1.00000000000
L1_Halo_06,L2_Lyapunov_03,2.00000000000,2.34731036942,0.579660116662,0.800000000000,0.400000000000,-0.170692133710,0.237669328624,0.146913943294,0.0575494478252,0.146251671515,0.197285996573,0.327423610958,0.252236505704,2.34731036942,0.171770201265,true,0.00000000000,3.39678505116e-15,43.0000000000,1.00000000000
L1_Halo_06,L2_Lyapunov_03,2.00000000000,2.66835470791,0.710657765446,0.200000000000,0.600000000000,-0.199040069827,0.317610996538,0.362828995272,0.0500335433543,0.0802427198490,0.163629134001,0.521669027573,0.188988737874,2.66835470791,0.171770201504,true,0.00000000000,3.80129145150e-15,49.0000000000,1.00000000000
L1_Halo_06,L2_Lyapunov_03,2.00000000000,2.98939904640,0.902170899676,0.800000000000,0.200000000000,-0.215701125313,0.212014127536,-0.314084520747,0.212541525199,0.394397102542,-0.128686457151,0.436034461837,0.466136437840,2.98939904640,0.171770201265,true,0.00000000000,8.97369575738e-14,55.0000000000,1.00000000000
L1_Halo_06,L2_Lyapunov_04,2.00000000000,0.421044338489,0.915204560125,0.200000000000,0.200000000000,0.208889036881,0.449303801016,0.0681727810871,-0.395414596386,0.0425820639107,0.118740640170,0.500156039070,0.415048521055,0.421044338489,0.171770201504,true,0.00000000000,4.52105233857e-16,7.00000000000,1.00000000000
L1_Halo_06,L2_Lyapunov_04,2.00000000000,0.742088676979,0.599090475487,0.200000000000,0.00000000000,0.0863420248658,-0.0665746956819,0.137712842172,-0.335869458591,0.224419036357,-0.127011629637,0.175647266595,0.423443208892,0.742088676979,0.0305962719713,true,0.00000000000,3.37421463716e-15,13.0000000000,1.00000000000
L1_Halo_06,L2_Lyapunov_04,2.00000000000,1.06313301547,0.458499532595,0.200000000000,0.200000000000,0.295185256880,-0.0963970470619,0.128569819262,-0.107488630797,0.0482697818365,-0.0331686140836,0.336090649954,0.122408882641,1.06313301547,0.00337659422944,false,0.00000000000,2.31365316431e-13,19.0000000000,1.00000000000
L1_Halo_06,L2_Lyapunov_04,2.00000000000,1.38417735396,0.491820780318,0.00000000000,0.400000000000,-0.0321082295844,0.278139051786,0.0824964782268,-0.0888042385594,0.118432617689,0.134391571503,0.291886860710,0.199933919608,1.38417735396,0.185622947587,true,0.00000000000,1.24195254271e-15,25.0000000000,1.00000000000
L1_Halo_06,L2_Lyapunov_04,2.00000000000,1.70522169245,0.496228866210,0.00000000000,0.400000000000,-0.0929989116443,0.248267714816,0.131780987551,-0.0113258444796,0.142175372200,0.140446501564,0.296060609448,0.200168256761,1.70522169245,0.185622947587,true,0.00000000000,4.03685495549e-15,31.0000000000,1.00000000000
L1_Halo_06,L2_Lyapunov_04,2.00000000000,2.02626603094,0.530943829522,0.800000000000,0.400000000000,-0.161952843545,0.287344994298,0.0284642683153,0.0145598726175,0.154263261248,0.126258328015,0.331068095490,0.199875734032,2.02626603094,0.171770201265,true,0.00000000000,6.07433666287e-15,37.0000000000,1.00000000000
L1_Halo_06,L2_Lyapunov_04,2.00000000000,2.34731036942,0.592394098857,0.800000000000,0.400000000000,-0.166118906263,0.237723277453,0.147716934148,0.0589119419821,0.167692399372,0.199146260992,0.325466035548,0.266928063310,2.34731036942,0.171770201265,true,0.00000000000,1.71911736500e-14,43.0000000000,1.00000000000
L1_Halo_06,L2_Lyapunov_04,2.00000000000,2.66835470791,0.726536216676,0.200000000000,0.600000000000,-0.204068957121,0.315093063942,0.364073076382,0.0632308577186,0.101980985600,0.164465727647,0.522950268334,0.203585948342,2.66835470791,0.171770201504,true,0.00000000000,5.22126553027e-12,49.0000000000,1.00000000000
L1_Halo_06,L2_Lyapunov_04,2.00000000000,2.98939904640,1.00212958072,0.200000000000,0.600000000000,-0.219105360420,0.231197566171,0.577504016038,0.0465543673796,0.116456295167,0.318825984584,0.659522829103,0.342606751615,2.98939904640,0.171770201504,true,0.00000000000,4.63697865475e-15,55.0000000000,1.00000000000
L1_Halo_06,L2_Lyapunov_05,2.00000000000,0.421044338489,0.975988630224,0.200000000000,0.200000000000,0.272522302436,0.425293610425,0.0693965103378,-0.436967505687,0.109598639353,0.119674006896,0.509861683244,0.466126946979,0.421044338489,0.171414451558,true,0.00000000000,4.51861869063e-16,7.00000000000,1.00000000000
L1_Halo_06,L2_Lyapunov_05,2.00000000000,0.742088676979,0.575654658867,0.200000000000,0.00000000000,0.101125249405,-0.0987279572142,0.126588647218,-0.308472781471,0.203137638837,-0.111874855716,0.189731945669,0.385922713198,0.742088676979,0.0345069706223,true,0.00000000000,1.80088297662e-13,13.0000000000,1.00000000000
L1_Halo_06,L2_Lyapunov_05,2.00000000000,1.06313301547,0.460464405534,0.200000000000,0.200000000000,0.268871036820,-0.0916799171982,0.141566274701,-0.114697949035,0.0757185297060,-0.0397582857145,0.317392268007,0.143072137527,1.06313301547,0.00429864385930,false,0.00000000000,5.05330313163e-13,19.0000000000,1.00000000000
L1_Halo_06,L2_Lyapunov_05,2.00000000000,1.38417735396,0.423744180978,0.200000000000,0.400000000000,0.226222645463,-0.103564170959,0.173170013028,-0.0895964980453,-0.0538926990700,-0.0601241902901,0.303133759649,0.120610421329,1.38417735396,0.0112543919049,true,0.00000000000,3.98034894539e-13,25.0000000000,1.00000000000
L1_Halo_06,L2_Lyapunov_05,2.00000000000,1.70522169245,0.517069253547,0.00000000000,0.400000000000,-0.0856328040224,0.247474725779,0.133618510651,-0.0104485768352,0.171207373259,0.142628307272,0.293990856002,0.223078397545,1.70522169245,0.185622947587,true,0.00000000000,1.80473846247e-15,31.0000000000,1.00000000000
L1_Halo_06,L2_Lyapunov_05,2.00000000000,2.02626603094,0.552493150107,0.800000000000,0.400000000000,-0.157140390165,0.287177729897,0.0314500837115,0.0146943328452,0.181994674612,0.129115594366,0.328866627276,0.223626522831,2.02626603094,0.171770201265,true,0.00000000000,2.19846828929e-15,37.0000000000,1.00000000000
L1_Halo_06,L2_Lyapunov_05,2.00000000000,2.34731036942,0.608616011664,0.800000000000,0.400000000000,-0.161955200578,0.238118840143,0.148382888425,0.0577500942544,0.193191301626,0.200931123828,0.323956093634,0.284659918030,2.34731036942,0.171770201265,true,0.00000000000,4.18593276886e-15,43.0000000000,1.00000000000
L1_Halo_06,L2_Lyapunov_05,2.00000000000,2.66835470791,0.747168354903,0.200000000000,0.600000000000,-0.209080699959,0.312746305980,0.364952360062,0.0769491625560,0.129267920854,0.164661712382,0.524132822970,0.223035531933,2.66835470791,0.171770201504,true,0.00000000000,7.20344133947e-14,49.0000000000,1.00000000000
L1_Halo_06,L2_Lyapunov_05,2.00000000000,2.98939904640,0.944152770715,0.800000000000,0.200000000000,-0.218329403612,0.217192548903,-0.335159393906,0.189644989119,0.428523132131,-0.139696078150,0.455161675786,0.488991094929,2.98939904640,0.171770201265,true,0.00000000000,6.93127929066e-15,55.0000000000,1.00000000000
L1_Halo_06,L2_Lyapunov_06,2.00000000000,0.421044338489,1.05311883073,0.200000000000,0.200000000000,0.338185734286,0.399262261879,0.0709382705058,-0.477418771473,0.182146944303,0.120894855418,0.528026687638,0.525092143095,0.421044338489,0.167256163622,true,0.00000000000,2.29744461388e-16,7.00000000000,1.00000000000
L1_Halo_06,L2_Lyapunov_06,2.00000000000,0.742088676979,0.571969403865,0.200000000000,0.00000000000,0.119279084781,-0.128924832873,0.115222057712,-0.297234406979,0.181812507727,-0.0978482577126,0.210060075171,0.361909328694,0.742088676979,0.0370642317474,true,0.00000000000,1.41516352564e-15,13.0000000000,1.00000000000
L1_Halo_06,L2_Lyapunov_06,2.00000000000,1.06313301547,0.454611842263,0.200000000000,0.200000000000,0.236625187983,-0.0887711524855,0.156904895850,-0.118077754217,0.0916173307411,-0.0485399233418,0.297474273582,0.157137568682,1.06313301547,0.00631218505423,true,0.00000000000,1.42015586657e-13,19.0000000000,1.00000000000
L1_Halo_06,L2_Lyapunov_06,2.00000000000,1.38417735396,0.431105934686,0.200000000000,0.400000000000,0.184418527381,-0.0943150370868,0.201556889637,-0.0982183007821,-0.0676777330991,-0.0772153978413,0.289016780175,0.142089154511,1.38417735396,0.0188051148397,true,0.00000000000,3.68924345882e-13,25.0000000000,1.00000000000
L1_Halo_06,L2_Lyapunov_06,2.00000000000,1.70522169245,0.543276664997,0.00000000000,0.400000000000,-0.0783257053274,0.246893031220,0.135553329627,-0.0111574805702,0.204507628324,0.144978195015,0.292345326888,0.250931338109,1.70522169245,0.185622947587,true,0.00000000000,2.02599476602e-15,31.0000000000,1.00000000000
L1_Halo_06,L2_Lyapunov_06,2.00000000000,2.02626603094,0.578885123577,0.800000000000,0.400000000000,-0.152419660913,0.287202257833,0.0345728079424,0.0132422379728,0.214036375313,0.132182277954,0.326974263492,0.251910860085,2.02626603094,0.171770201265,true,0.00000000000,3.20826695699e-15,37.0000000000,1.00000000000
L1_Halo_06,L2_Lyapunov_06,2.00000000000,2.34731036942,0.629221614727,0.800000000000,0.400000000000,-0.157926790820,0.238642219617,0.149162391370,0.0549415595112,0.223079489841,0.202898037387,0.322707916298,0.306513698429,2.34731036942,0.171770201265,true,0.00000000000,3.15017730911e-15,43.0000000000,1.00000000000
L1_Halo_06,L2_Lyapunov_06,2.00000000000,2.66835470791,0.773647367713,0.200000000000,0.600000000000,-0.213983407382,0.310437590033,0.365774840587,0.0911513856969,0.162100357765,0.164577818545,0.525310984034,0.248336383680,2.66835470791,0.171770201504,true,0.00000000000,1.93876733334e-12,49.0000000000,1.00000000000
L1_Halo_06,L2_Lyapunov_06,2.00000000000,2.98939904640,1.05789553532,0.200000000000,0.600000000000,-0.224422769073,0.219224991118,0.596467079864,0.0735029011574,0.179270969048,0.331480572845,0.673942247801,0.383953287518,2.98939904640,0.171770201504,true,0.00000000000,9.59554988539e-16,55.0000000000,1.00000000000
L1_Halo_06,L2_Lyapunov_07,2.00000000000,0.421044338489,1.13837259635,0.200000000000,0.200000000000,0.403266149394,0.370266546604,0.0728764964278,-0.511814270742,0.257934417116,0.122477298097,0.552296918797,0.586075677551,0.421044338489,0.159066056166,true,0.00000000000,1.80668777803e-12,7.00000000000,1.00000000000
L1_Halo_06,L2_Lyapunov_07,2.00000000000,0.742088676979,0.582641219785,0.200000000000,0.00000000000,0.138988052523,-0.154882706141,0.104633757169,-0.299198192126,0.159455589410,-0.0857615422765,0.232926070986,0.349715148798,0.742088676979,0.0380412192013,true,0.00000000000,3.89928653462e-15,13.0000000000,1.00000000000
L1_Halo_06,L2_Lyapunov_07,2.00000000000,1.06313301547,0.433098450480,0.200000000000,0.200000000000,0.197082109412,-0.0875293583077,0.173578536807,-0.119857703201,0.0810215491154,-0.0590841140257,0.276825314695,0.156273135785,1.06313301547,0.0112414799941,true,0.00000000000,5.86836023958e-15,19.0000000000,1.00000000000
L1_Halo_06,L2_Lyapunov_07,2.00000000000,1.38417735396,0.459964928546,0.200000000000,0.400000000000,0.142287448901,-0.0869509263148,0.223447393100,-0.122162940222,-0.0986494167513,-0.0903420152387,0.278809826199,0.181155102347,1.38417735396,0.0290128499044,true,0.00000000000,1.18507887323e-14,25.0000000000,1.00000000000
L1_Halo_06,L2_Lyapunov_07,2.00000000000,1.70522169245,0.509533636909,0.200000000000,0.800000000000,0.0962649502679,-0.225961558424,0.0899527845355,-0.230791501407,0.0496469396328,-0.0758823501651,0.261566568929,0.247967067981,1.70522169245,0.0879183753736,true,0.00000000000,3.61834130713e-15,31.0000000000,1.00000000000
L1_Halo_06,L2_Lyapunov_07,2.00000000000,2.02626603094,0.609245364274,0.800000000000,0.400000000000,-0.147635257092,0.287134872950,0.0380569149426,0.0117238198200,0.249383473953,0.135676881347,0.325101419830,0.284143944444,2.02626603094,0.171770201265,true,0.00000000000,1.59161818732e-15,37.0000000000,1.00000000000
L1_Halo_06,L2_Lyapunov_07,2.00000000000,2.34731036942,0.654091038694,0.800000000000,0.400000000000,-0.153795672756,0.238990626448,0.150400117482,0.0519314713919,0.256328937266,0.205394439791,0.321542880230,0.332548158464,2.34731036942,0.171770201265,true,0.00000000000,2.70120958765e-16,43.0000000000,1.00000000000
L1_Halo_06,L2_Lyapunov_07,2.00000000000,2.66835470791,0.805546875059,0.200000000000,0.600000000000,-0.218551114886,0.308064026502,0.366872029911,0.105427079200,0.199028311017,0.164644357196,0.526557803640,0.278989071419,2.66835470791,0.171770201504,true,0.00000000000,9.33298384697e-16,49.0000000000,1.00000000000
L1_Halo_06,L2_Lyapunov_07,2.00000000000,2.98939904640,0.329953563599,0.400000000000,0.800000000000,0.157284235263,0.0453858260830,0.151249701243,-0.0740430136007,-0.0315496306295,-0.0706214849654,0.222878164022,0.107075399577,2.98939904640,0.0228484024276,true,0.00000000000,1.57260421084e-12,55.0000000000,1.00000000000
L1_Halo_06,L2_Lyapunov_08,2.00000000000,0.421044338489,1.22591749004,0.200000000000,0.200000000000,0.466838311362,0.337139435723,0.0753667583872,-0.536899185307,0.335340813359,0.124559725303,0.580759120759,0.645158369283,0.421044338489,0.148658432800,true,0.00000000000,2.36602327775e-16,7.00000000000,1.00000000000
L1_Halo_06,L2_Lyapunov_08,2.00000000000,0.742088676979,0.602348543214,0.200000000000,0.00000000000,0.159133121474,-0.176737511516,0.0950460966210,-0.309754278109,0.134942980751,-0.0756475718226,0.256111809196,0.346236734018,0.742088676979,0.0378190281160,true,0.00000000000,4.31997924124e-15,13.0000000000,1.00000000000
L1_Halo_06,L2_Lyapunov_08,2.00000000000,1.06313301547,0.411852712292,0.200000000000,0.200000000000,0.159874034881,-0.0914476870912,0.182426550419,-0.130356411830,0.0432025977891,-0.0665842944226,0.259233163004,0.152619549288,1.06313301547,0.0186788499056,true,0.00000000000,6.83764956001e-15,19.0000000000,1.00000000000
L1_Halo_06,L2_Lyapunov_08,2.00000000000,1.38417735396,0.501786864781,0.200000000000,0.800000000000,0.0943581376333,-0.199797081780,0.0889190670972,-0.240777605932,0.0775068657348,-0.0742177374228,0.238178362826,0.263608501954,1.38417735396,0.0800525015522,true,0.00000000000,5.77956631936e-12,25.0000000000,1.00000000000
L1_Halo_06,L2_Lyapunov_08,2.00000000000,1.70522169245,0.506339152545,0.200000000000,0.800000000000,0.0898159912967,-0.212589334045,0.110673179232,-0.235137876993,0.0272004108247,-0.0816439914720,0.255948607817,0.250390544728,1.70522169245,0.0880792962709,true,0.00000000000,1.01061377024e-14,31.0000000000,1.00000000000
L1_Halo_06,L2_Lyapunov_08,2.00000000000,2.02626603094,0.641164383251,0.800000000000,0.600000000000,-0.0861241284622,0.282553293995,0.0984402591082,0.0124803616253,0.263586663125,0.197833586235,0.311358658245,0.329805725006,2.02626603094,0.171763826796,true,0.00000000000,1.49393005995e-12,37.0000000000,1.00000000000
L1_Halo_06,L2_Lyapunov_08,2.00000000000,2.34731036942,0.678547466854,0.800000000000,0.600000000000,-0.103857110825,0.238879792367,0.180256820066,0.0357227839011,0.259019774361,0.250033104907,0.316768647202,0.361778819652,2.34731036942,0.171770201265,true,0.00000000000,7.86889759576e-13,43.0000000000,1.00000000000
L1_Halo_06,L2_Lyapunov_08,2.00000000000,2.66835470791,0.440012680432,0.800000000000,0.400000000000,0.206957472794,-0.00482249865609,0.0975596671014,-0.0596116645114,0.0484080077824,-0.196704322585,0.228850476695,0.211162203737,2.66835470791,0.0845699581184,true,0.00000000000,1.39572166818e-14,49.0000000000,1.00000000000
L1_Halo_06,L2_Lyapunov_08,2.00000000000,2.98939904640,0.847369910291,0.600000000000,0.600000000000,0.291547552146,-0.0618953940351,-0.215787810064,-0.412054225315,-0.202336793473,0.138216913054,0.367961131014,0.479408779277,2.98939904640,0.129464787807,true,0.00000000000,2.59950910543e-15,55.0000000000,1.00000000000
L1_Halo_06,L2_Lyapunov_09,2.00000000000,0.421044338489,1.26623210881,0.600000000000,0.800000000000,0.608595360964,0.171123998006,-0.139332890045,-0.558924464942,0.193517211847,-0.182063879572,0.647368048585,0.618864060223,0.421044338489,0.0850564734635,true,0.00000000000,3.18022649304e-16,7.00000000000,1.00000000000
L1_Halo_06,L2_Lyapunov_09,2.00000000000,0.742088676979,0.627520031210,0.200000000000,0.00000000000,0.178822441887,-0.194996726857,0.0865097732897,-0.325153969227,0.107922596260,-0.0673741987440,0.278361509699,0.349158521511,0.742088676979,0.0368751162045,true,0.00000000000,3.92845851221e-13,13.0000000000,1.00000000000
L1_Halo_06,L2_Lyapunov_09,2.00000000000,1.06313301547,0.415199204712,0.200000000000,0.200000000000,0.137634972310,-0.103644741967,0.177282629467,-0.153429918139,0.00743095175923,-0.0679932274154,0.247213973818,0.167985230895,1.06313301547,0.0264483139467,true,0.00000000000,5.12391651463e-14,19.0000000000,1.00000000000
L1_Halo_06,L2_Lyapunov_09,2.00000000000,1.38417735396,0.491058460976,0.200000000000,0.800000000000,0.0887348351237,-0.183959571261,0.110138774640,-0.243087487060,0.0478582099084,-0.0755334288881,0.232046427471,0.259012033505,1.38417735396,0.0776732549803,true,0.00000000000,2.22498303535e-15,25.0000000000,1.00000000000
L1_Halo_06,L2_Lyapunov_09,2.00000000000,1.70522169245,0.502220625233,0.200000000000,0.800000000000,0.0842063371118,-0.197493073765,0.134391304376,-0.231713755443,0.00467148187808,-0.0908511915593,0.253288855038,0.248931770194,1.70522169245,0.0878860561273,true,0.00000000000,1.83414351343e-15,31.0000000000,1.00000000000
L1_Halo_06,L2_Lyapunov_09,2.00000000000,2.02626603094,0.633931005836,0.600000000000,0.600000000000,0.222759478113,-0.0408901867847,-0.0961710038376,-0.318220076694,-0.170930953633,0.141304748198,0.246054169734,0.387876836102,2.02626603094,0.128780558274,true,0.00000000000,1.21769311424e-15,37.0000000000,1.00000000000
L1_Halo_06,L2_Lyapunov_09,2.00000000000,2.34731036942,0.715476351176,0.800000000000,0.400000000000,-0.143904139311,0.238034186089,0.155808574440,0.0512150088998,0.330102271299,0.213886124045,0.318818109472,0.396658241705,2.34731036942,0.171770201265,true,0.00000000000,4.66527830275e-15,43.0000000000,1.00000000000
L1_Halo_06,L2_Lyapunov_09,2.00000000000,2.66835470791,0.878885833174,0.800000000000,0.600000000000,-0.0947938135556,0.144246471822,0.349155278114,0.0419659297285,0.312456311612,0.374323886087,0.389489820093,0.489396013081,2.66835470791,0.171770201265,true,0.00000000000,7.35742406203e-16,49.0000000000,1.00000000000
L1_Halo_06,L2_Lyapunov_09,2.00000000000,2.98939904640,0.744848772396,0.600000000000,0.800000000000,0.301020815796,-0.0745911793445,-0.167432131583,-0.363311339579,-0.0407335270075,0.142596287771,0.352435659752,0.392413112644,2.98939904640,0.128632143614,true,0.00000000000,1.50017001250e-13,55.0000000000,1.00000000000
L1_Halo_06,L2_Lyapunov_10,2.00000000000,0.421044338489,1.31328545828,0.600000000000,0.800000000000,0.620713601424,0.244503256427,-0.173068418913,-0.573885730480,0.129843293390,-0.207984348861,0.689216870819,0.624068587463,0.421044338489,0.0773054262921,true,0.00000000000,5.04091934476e-14,7.00000000000,1.00000000000
L1_Halo_06,L2_Lyapunov_10,2.00000000000,0.742088676979,0.655863364451,0.200000000000,0.00000000000,0.197454889586,-0.210261730311,0.0789805590087,-0.342739278295,0.0784590649697,-0.0606896282428,0.299059120169,0.356804244283,0.742088676979,0.0355842855887,true,0.00000000000,2.07982931903e-15,13.0000000000,1.00000000000
L1_Halo_06,L2_Lyapunov_10,2.00000000000,1.06313301547,0.436499720471,0.200000000000,0.200000000000,0.127380680322,-0.120729048374,0.164256919117,-0.184026102878,-0.0135563630142,-0.0664399841196,0.240378194349,0.196121526122,1.06313301547,0.0337095895477,true,0.00000000000,1.08539126149e-14,19.0000000000,1.00000000000
L1_Halo_06,L2_Lyapunov_10,2.00000000000,1.38417735396,0.434714739804,0.600000000000,0.00000000000,0.188895426032,0.0106939389834,-0.0350678277967,-0.168015623405,0.00477009090487,0.174512358077,0.192420359768,0.242294380036,1.38417735396,0.109630126393,true,0.00000000000,1.06170777415e-13,25.0000000000,1.00000000000
L1_Halo_06,L2_Lyapunov_10,2.00000000000,1.70522169245,0.326370088172,0.400000000000,0.00000000000,0.0595132441584,-0.0111918670045,0.0211480140658,-0.136152662259,0.0499177743431,0.218480483403,0.0641429857134,0.262227102458,1.70522169245,0.0954168900124,true,0.00000000000,3.14075751479e-15,31.0000000000,1.00000000000
L1_Halo_06,L2_Lyapunov_10,2.00000000000,2.02626603094,0.687351321500,0.00000000000,0.200000000000,0.233355667775,-0.165828935768,0.228776442740,-0.199125644946,0.0638061724197,-0.243411455220,0.366459771835,0.320891549665,2.02626603094,0.0833761932675,true,0.00000000000,8.16400766331e-13,37.0000000000,1.00000000000
L1_Halo_06,L2_Lyapunov_10,2.00000000000,2.34731036942,0.745123364193,0.800000000000,0.600000000000,-0.113148689756,0.236270030861,0.176321607591,0.0638243206944,0.346521360928,0.245330854903,0.315777552685,0.429345811508,2.34731036942,0.171770201265,true,0.00000000000,1.91213763052e-12,43.0000000000,1.00000000000
L1_Halo_06,L2_Lyapunov_10,2.00000000000,2.66835470791,0.917948955258,0.800000000000,0.600000000000,-0.0966104424338,0.138834817428,0.355601117764,0.0546427806531,0.357684820639,0.379250960387,0.393777651820,0.524171303438,2.66835470791,0.171770201265,true,0.00000000000,2.97903473029e-13,49.0000000000,1.00000000000
L1_Halo_06,L2_Lyapunov_10,2.00000000000,2.98939904640,1.23438504764,0.600000000000,0.800000000000,-0.175879260381,0.233534560074,0.483267714350,0.102028985029,0.451449008933,0.483842592444,0.564818190849,0.669566856793,2.98939904640,0.128963759145,true,0.00000000000,5.20729084001e-13,55.0000000000,1.00000000000
L1_Halo_07,L2_Lyapunov_01,2.00000000000,0.421044338489,0.899609719618,0.200000000000,0.00000000000,0.246708329687,-0.149416165621,0.0566638762837,-0.526004322202,0.260926925369,-0.148566020813,0.293940445263,0.605669274355,0.421044338489,0.0189136617788,true,0.00000000000,4.12826591123e-15,7.00000000000,1.00000000000
L1_Halo_07,L2_Lyapunov_01,2.00000000000,0.742088676979,0.583491153371,0.200000000000,0.200000000000,-0.0815266339435,0.387327728392,0.106425382510,-0.136733610579,0.0921367590534,0.0543880988855,0.409872813524,0.173618339847,0.742088676979,0.167033205251,true,0.00000000000,5.55326471477e-17,13.0000000000,1.00000000000
L1_Halo_07,L2_Lyapunov_01,2.00000000000,1.06313301547,0.484217692690,0.200000000000,0.200000000000,0.381980320948,-0.0939972871306,0.0807467422099,-0.0743585508198,-0.0326887717592,-0.0152200807673,0.401577504297,0.0826401883935,1.06313301547,0.000706777520936,false,0.00000000000,6.22814150877e-12,19.0000000000,1.00000000000
L1_Halo_07,L2_Lyapunov_01,2.00000000000,1.38417735396,0.490933901322,0.00000000000,0.400000000000,-0.0654396971264,0.324934802104,0.0634630198583,-0.108615389469,0.0452105417510,0.0985236118991,0.337479680081,0.153454221240,1.38417735396,0.177568424319,true,0.00000000000,1.73778518703e-15,25.0000000000,1.00000000000
L1_Halo_07,L2_Lyapunov_01,2.00000000000,1.70522169245,0.465535872510,0.00000000000,0.400000000000,-0.122208460945,0.290836240908,0.104127715326,-0.0264113040434,0.0786026565227,0.104402894950,0.332209584526,0.133326287984,1.70522169245,0.177568424319,true,0.00000000000,5.61586792198e-15,31.0000000000,1.00000000000
L1_Halo_07,L2_Lyapunov_01,2.00000000000,2.02626603094,0.507005605277,0.800000000000,0.400000000000,-0.189142771739,0.329664601312,-0.000277768411477,0.00912412869335,0.0960754138762,0.0824542866071,0.380070802108,0.126934803170,2.02626603094,0.167033204876,true,0.00000000000,2.37842229013e-16,37.0000000000,1.00000000000
L1_Halo_07,L2_Lyapunov_01,2.00000000000,2.34731036942,0.560356543581,0.800000000000,0.400000000000,-0.200794369166,0.290659562311,0.102273842054,0.0622576284685,0.114694760932,0.141616592036,0.367778871906,0.192577671675,2.34731036942,0.167033204876,true,0.00000000000,3.20954515721e-15,43.0000000000,1.00000000000
L1_Halo_07,L2_Lyapunov_01,2.00000000000,2.66835470791,0.639454704082,0.200000000000,0.600000000000,-0.188503964352,0.361770635729,0.287901156717,0.0334890397151,0.0543280634710,0.124782841041,0.499298321138,0.140156382944,2.66835470791,0.167033205251,true,0.00000000000,2.21033435351e-15,49.0000000000,1.00000000000
L1_Halo_07,L2_Lyapunov_01,2.00000000000,2.98939904640,0.869202631931,0.200000000000,0.600000000000,-0.213846497989,0.296420380815,0.476902392716,0.0235127443539,0.0604228033975,0.260393289102,0.600858767967,0.268343863963,2.98939904640,0.167033205251,true,0.00000000000,2.10700827535e-15,55.0000000000,1.00000000000
L1_Halo_07,L2_Lyapunov_02,2.00000000000,0.421044338489,0.896670807787,0.200000000000,0.00000000000,0.260825798799,-0.167943787951,0.0507947100993,-0.507892153720,0.252666970816,-0.131543183445,0.314349034999,0.582321772788,0.421044338489,0.0209047240220,true,0.00000000000,4.87550514009e-13,7.00000000000,1.00000000000
L1_Halo_07,L2_Lyapunov_02,2.00000000000,0.742088676979,0.605972199696,0.200000000000,0.200000000000,-0.0503308984462,0.383089057918,0.107036378734,-0.151005984117,0.127422064819,0.0547897205496,0.400932927068,0.205039272627,0.742088676979,0.167033205251,true,0.00000000000,2.46423593849e-14,13.0000000000,1.00000000000
L1_Halo_07,L2_Lyapunov_02,2.00000000000,1.06313301547,0.527407115335,0.00000000000,0.200000000000,-0.0805287924596,0.264686969281,0.0248284049891,-0.111676375299,0.196248658675,0.106440719617,0.277777838959,0.249629276377,1.06313301547,0.177568424319,true,0.00000000000,4.54607985771e-13,19.0000000000,1.00000000000
L1_Halo_07,L2_Lyapunov_02,2.00000000000,1.38417735396,0.488286240570,0.00000000000,0.400000000000,-0.0561111073844,0.320505618000,0.0656566223144,-0.0983957783043,0.0684420075342,0.100392283144,0.331938397290,0.156347843280,1.38417735396,0.177568424319,true,0.00000000000,9.00447678192e-16,25.0000000000,1.00000000000
L1_Halo_07,L2_Lyapunov_02,2.00000000000,1.70522169245,0.473632260172,0.00000000000,0.400000000000,-0.114149774443,0.288767178249,0.105896812250,-0.0172588897649,0.0981424810176,0.106104534779,0.328071317070,0.145560943103,1.70522169245,0.177568424319,true,0.00000000000,2.42477587429e-12,31.0000000000,1.00000000000
L1_Halo_07,L2_Lyapunov_02,2.00000000000,2.02626603094,0.519330495692,0.800000000000,0.400000000000,-0.183613723076,0.328638947170,0.00221853449299,0.0174585591402,0.113900446641,0.0844614334690,0.376460461130,0.142870034562,2.02626603094,0.167033204876,true,0.00000000000,1.25006484172e-15,37.0000000000,1.00000000000
L1_Halo_07,L2_Lyapunov_02,2.00000000000,2.34731036942,0.570798171135,0.800000000000,0.400000000000,-0.195694048204,0.290264393920,0.103833602043,0.0692730044634,0.130020667998,0.143488791456,0.365145170847,0.205653000288,2.34731036942,0.167033204876,true,0.00000000000,2.24734096982e-13,43.0000000000,1.00000000000
L1_Halo_07,L2_Lyapunov_02,2.00000000000,2.66835470791,0.650216688199,0.200000000000,0.600000000000,-0.193186369952,0.358891470440,0.289816013545,0.0452169128836,0.0664837727817,0.126748350535,0.500117369021,0.150099319177,2.66835470791,0.167033205251,true,0.00000000000,5.36001714203e-15,49.0000000000,1.00000000000
L1_Halo_07,L2_Lyapunov_02,2.00000000000,2.98939904640,0.507778027142,0.400000000000,0.600000000000,0.191769396260,0.104793673733,0.177942384773,-0.152735031545,-0.147547718036,-0.0772020600014,0.281816798107,0.225961229035,2.98939904640,0.00114473616755,false,0.00000000000,1.00164488448e-12,55.0000000000,1.00000000000
L1_Halo_07,L2_Lyapunov_03,2.00000000000,0.421044338489,0.905849461203,0.200000000000,0.00000000000,0.279245392823,-0.188676044107,0.0439535109164,-0.497666182137,0.243723552844,-0.115174035709,0.339865488325,0.565983972878,0.421044338489,0.0227081997482,true,0.00000000000,1.41915017718e-15,7.00000000000,1.00000000000
L1_Halo_07,L2_Lyapunov_03,2.00000000000,0.742088676979,0.638218980365,0.200000000000,0.200000000000,-0.0181490993569,0.380477737745,0.107727703862,-0.168517290816,0.165192929834,0.0552765014677,0.395850927632,0.242368052733,0.742088676979,0.167033205251,true,0.00000000000,2.62949494497e-16,13.0000000000,1.00000000000
L1_Halo_07,L2_Lyapunov_03,2.00000000000,1.06313301547,0.556879903238,0.00000000000,0.200000000000,-0.0629811823050,0.268550284956,0.0264829373345,-0.124428373527,0.226248149215,0.107718619656,0.277105089893,0.279774813345,1.06313301547,0.177568424319,true,0.00000000000,6.87111602085e-16,19.0000000000,1.00000000000
L1_Halo_07,L2_Lyapunov_03,2.00000000000,1.38417735396,0.493538521606,0.00000000000,0.400000000000,-0.0470627753407,0.316872398471,0.0678939187720,-0.0908051089987,0.0941153133775,0.102359756931,0.327463900211,0.166074621394,1.38417735396,0.177568424319,true,0.00000000000,4.01125691386e-16,25.0000000000,1.00000000000
L1_Halo_07,L2_Lyapunov_03,2.00000000000,1.70522169245,0.486604340193,0.00000000000,0.400000000000,-0.106500943052,0.287268288727,0.107646867304,-0.0107279176583,0.120225926392,0.107851974231,0.324735844372,0.161868495822,1.70522169245,0.177568424319,true,0.00000000000,6.71773731858e-13,31.0000000000,1.00000000000
L1_Halo_07,L2_Lyapunov_03,2.00000000000,2.02626603094,0.535040948535,0.800000000000,0.400000000000,-0.178527506868,0.328110060799,0.00465784469414,0.0232328594988,0.134369921276,0.0864858350192,0.373563887740,0.161477060795,2.02626603094,0.167033204876,true,0.00000000000,4.53269492502e-15,37.0000000000,1.00000000000
L1_Halo_07,L2_Lyapunov_03,2.00000000000,2.34731036942,0.583261709924,0.800000000000,0.400000000000,-0.191096908752,0.290260578710,0.105200310149,0.0737553933465,0.148094916999,0.145266696564,0.363092739314,0.220168970609,2.34731036942,0.167033204876,true,0.00000000000,2.24398552315e-15,43.0000000000,1.00000000000
L1_Halo_07,L2_Lyapunov_03,2.00000000000,2.66835470791,0.663938443051,0.200000000000,0.600000000000,-0.197945118870,0.356202933923,0.291199006597,0.0576130051077,0.0830109179955,0.128003354246,0.500858923913,0.163079519138,2.66835470791,0.167033205251,true,0.00000000000,3.16887374079e-15,49.0000000000,1.00000000000
L1_Halo_07,L2_Lyapunov_03,2.00000000000,2.98939904640,0.486507629357,0.400000000000,0.600000000000,0.179188243736,0.118682661222,0.161539126964,-0.138880441678,-0.152255680867,-0.0699881293402,0.268865933707,0.217641695650,2.98939904640,0.00456124173211,true,0.00000000000,4.55271188870e-12,55.0000000000,1.00000000000
L1_Halo_07,L2_Lyapunov_04,2.00000000000,0.421044338489,0.928663954116,0.200000000000,0.00000000000,0.302513053123,-0.211203681403,0.0361857928236,-0.496908507616,0.233276556471,-0.0998478833180,0.370716271494,0.557947682622,0.421044338489,0.0240651903847,true,0.00000000000,7.81913525353e-15,7.00000000000,1.00000000000
L1_Halo_07,L2_Lyapunov_04,2.00000000000,0.742088676979,0.528896080698,0.200000000000,0.00000000000,0.0973323202488,-0.0683507211327,0.107628526853,-0.294721814539,0.196786721650,-0.100998898316,0.160403558055,0.368492522643,0.742088676979,0.0349345144539,true,0.00000000000,2.22049952021e-15,13.0000000000,1.00000000000
L1_Halo_07,L2_Lyapunov_04,2.00000000000,1.06313301547,0.579575951300,0.200000000000,0.400000000000,0.252580633855,-0.137625732915,0.103602098265,-0.154214524087,-0.224642754617,-0.0272906081729,0.305730622810,0.273845328490,1.06313301547,0.0157176800625,true,0.00000000000,8.22444535094e-12,19.0000000000,1.00000000000
L1_Halo_07,L2_Lyapunov_04,2.00000000000,1.38417735396,0.506880311955,0.00000000000,0.400000000000,-0.0382401188928,0.314017180296,0.0701666213877,-0.0861009045333,0.122964337105,0.104414222561,0.324025386306,0.182854925649,1.38417735396,0.177568424319,true,0.00000000000,6.68443094269e-16,25.0000000000,1.00000000000
L1_Halo_07,L2_Lyapunov_04,2.00000000000,1.70522169245,0.504556197444,0.00000000000,0.400000000000,-0.0992171563427,0.286327702154,0.109362643356,-0.00709024607769,0.145601212509,0.109626552118,0.322161116362,0.182395081082,1.70522169245,0.177568424319,true,0.00000000000,4.58573226010e-16,31.0000000000,1.00000000000
L1_Halo_07,L2_Lyapunov_04,2.00000000000,2.02626603094,0.551382062383,0.00000000000,0.400000000000,-0.143398707999,0.260509367162,0.162863558974,0.0523032850444,0.159707387312,0.129784827690,0.339046985943,0.212335076440,2.02626603094,0.177568424319,true,0.00000000000,1.66133042115e-14,37.0000000000,1.00000000000
L1_Halo_07,L2_Lyapunov_04,2.00000000000,2.34731036942,0.598360217002,0.800000000000,0.400000000000,-0.186982208853,0.290657556835,0.106317390229,0.0754306145367,0.169680361563,0.146897202656,0.361590305785,0.236769911217,2.34731036942,0.167033204876,true,0.00000000000,1.94946132975e-15,43.0000000000,1.00000000000
L1_Halo_07,L2_Lyapunov_04,2.00000000000,2.66835470791,0.681737765560,0.200000000000,0.600000000000,-0.202747151578,0.353708026963,0.292085706882,0.0706070310996,0.104711450805,0.128553094345,0.501527502711,0.180210262849,2.66835470791,0.167033205251,true,0.00000000000,4.73844950898e-15,49.0000000000,1.00000000000
L1_Halo_07,L2_Lyapunov_04,2.00000000000,2.98939904640,0.897760381178,0.800000000000,0.200000000000,-0.227071662566,0.256671252912,-0.254790037982,0.208826559633,0.409392537597,-0.101837037726,0.427035871405,0.470724509773,2.98939904640,0.167033204876,true,0.00000000000,3.71925380919e-15,55.0000000000,1.00000000000
L1_Halo_07,L2_Lyapunov_05,2.00000000000,0.421044338489,0.965166061609,0.200000000000,0.00000000000,0.330529697086,-0.234719962846,0.0277000851051,-0.506290831126,0.220361385357,-0.0860184033682,0.406338081317,0.558827980292,0.421044338489,0.0247806557827,true,0.00000000000,1.33242822588e-15,7.00000000000,1.00000000000
L1_Halo_07,L2_Lyapunov_05,2.00000000000,0.742088676979,0.522789287395,0.200000000000,0.00000000000,0.115662329470,-0.0995218754841,0.0988630300751,-0.275742842458,0.180047266996,-0.0883918200140,0.181813852261,0.340975435134,0.742088676979,0.0389801923035,true,0.00000000000,2.86094865106e-15,13.0000000000,1.00000000000
L1_Halo_07,L2_Lyapunov_05,2.00000000000,1.06313301547,0.559221079140,0.200000000000,0.400000000000,0.231413136667,-0.138106072363,0.107931053697,-0.158326611402,-0.215247175425,-0.0303242598166,0.290300601786,0.268920477353,1.06313301547,0.0196016760924,true,0.00000000000,1.57532614352e-13,19.0000000000,1.00000000000
L1_Halo_07,L2_Lyapunov_05,2.00000000000,1.38417735396,0.527865387865,0.00000000000,0.400000000000,-0.0295726439739,0.311785948315,0.0724989160425,-0.0839519412028,0.155545865829,0.106572973183,0.321467123771,0.206398264095,1.38417735396,0.177568424319,true,0.00000000000,2.75459154211e-15,25.0000000000,1.00000000000
L1_Halo_07,L2_Lyapunov_05,2.00000000000,1.70522169245,0.527626641234,0.00000000000,0.400000000000,-0.0922056507873,0.285832901258,0.111070006401,-0.00604232990341,0.174819823306,0.111446454075,0.320216919916,0.207409721318,1.70522169245,0.177568424319,true,0.00000000000,8.47188662918e-14,31.0000000000,1.00000000000
L1_Halo_07,L2_Lyapunov_05,2.00000000000,2.02626603094,0.571412932805,0.00000000000,0.400000000000,-0.137695378318,0.260932208544,0.163790177833,0.0522217731823,0.186503277681,0.131254797814,0.337450525292,0.233962407513,2.02626603094,0.177568424319,true,0.00000000000,1.13503364333e-15,37.0000000000,1.00000000000
L1_Halo_07,L2_Lyapunov_05,2.00000000000,2.34731036942,0.616924494233,0.800000000000,0.400000000000,-0.183240409472,0.291371636437,0.107264933603,0.0745591945103,0.195310172680,0.148439090620,0.360527730091,0.256396764142,2.34731036942,0.167033204876,true,0.00000000000,2.88827434810e-14,43.0000000000,1.00000000000
L1_Halo_07,L2_Lyapunov_05,2.00000000000,2.66835470791,0.704650945524,0.200000000000,0.600000000000,-0.207512850994,0.351364629141,0.292642516885,0.0840776307867,0.131932456550,0.128568726000,0.502153690246,0.202497255278,2.66835470791,0.167033205251,true,0.00000000000,2.90242597146e-15,49.0000000000,1.00000000000
L1_Halo_07,L2_Lyapunov_05,2.00000000000,2.98939904640,0.959129622080,0.200000000000,0.600000000000,-0.221936516859,0.272438305802,0.518714914868,0.0699477659111,0.142167492163,0.292431567211,0.626533008620,0.332596613461,2.98939904640,0.167033205251,true,0.00000000000,7.91268194806e-13,55.0000000000,1.00000000000
L1_Halo_07,L2_Lyapunov_06,2.00000000000,0.421044338489,1.10596962101,0.200000000000,0.200000000000,0.346861902981,0.449123699314,0.0664426150382,-0.501629622300,0.163301500698,0.0867141627472,0.571349191055,0.534620429951,0.421044338489,0.161431980499,true,0.00000000000,6.61926858045e-15,7.00000000000,1.00000000000
L1_Halo_07,L2_Lyapunov_06,2.00000000000,0.742088676979,0.533545097636,0.200000000000,0.00000000000,0.136615135094,-0.127117097365,0.0903989470953,-0.272251233868,0.162358586864,-0.0769517342816,0.207350961453,0.326194136183,0.742088676979,0.0413823548064,true,0.00000000000,1.78511863084e-13,13.0000000000,1.00000000000
L1_Halo_07,L2_Lyapunov_06,2.00000000000,1.06313301547,0.543770971383,0.200000000000,0.400000000000,0.213278639080,-0.139933753199,0.110581517312,-0.168438053068,-0.202880866376,-0.0330041764011,0.278024288765,0.265746682618,1.06313301547,0.0238064893315,true,0.00000000000,8.70191139260e-12,19.0000000000,1.00000000000
L1_Halo_07,L2_Lyapunov_06,2.00000000000,1.38417735396,0.555732829122,0.00000000000,0.400000000000,-0.0208962136140,0.309870094429,0.0749864874745,-0.0832868097604,0.192366258262,0.108928093284,0.319498201042,0.236234628081,1.38417735396,0.177568424319,true,0.00000000000,6.29704859168e-12,25.0000000000,1.00000000000
L1_Halo_07,L2_Lyapunov_06,2.00000000000,1.70522169245,0.524555504611,0.200000000000,0.800000000000,0.132681583756,-0.244056977203,0.0520219362466,-0.226348843435,0.0632998307998,-0.0573738119330,0.282620757625,0.241934746987,1.70522169245,0.0909918362466,true,0.00000000000,2.19426431798e-15,31.0000000000,1.00000000000
L1_Halo_07,L2_Lyapunov_06,2.00000000000,2.02626603094,0.594957803821,0.00000000000,0.600000000000,-0.0489109742661,0.270822397464,0.194472955940,0.0252063989492,0.192112415299,0.170320393709,0.336981876314,0.257975927507,2.02626603094,0.177568424319,true,0.00000000000,2.92547047768e-12,37.0000000000,1.00000000000
L1_Halo_07,L2_Lyapunov_06,2.00000000000,2.34731036942,0.598856034318,0.600000000000,0.800000000000,0.227606900467,-0.0707471046046,0.103038930744,-0.277579088929,0.0367645417192,0.191434731654,0.259667239364,0.339188794954,2.34731036942,0.124451969372,true,0.00000000000,2.91544066396e-12,43.0000000000,1.00000000000
L1_Halo_07,L2_Lyapunov_06,2.00000000000,2.66835470791,0.687725185463,0.400000000000,0.00000000000,0.0621892935400,0.124916920092,0.119714509325,0.289325663075,0.398863664191,-0.105270253774,0.183856761908,0.503868423555,2.66835470791,0.0132694304884,true,0.00000000000,1.12240076054e-12,49.0000000000,1.00000000000
L1_Halo_07,L2_Lyapunov_06,2.00000000000,2.98939904640,0.989837102348,0.200000000000,0.600000000000,-0.224300061235,0.266637760451,0.528552326789,0.0835345452167,0.176194145257,0.298768368344,0.633066959272,0.356770143076,2.98939904640,0.167033205251,true,0.00000000000,2.14265881633e-12,55.0000000000,1.00000000000
L1_Halo_07,L2_Lyapunov_07,2.00000000000,0.421044338489,1.18617423008,0.200000000000,0.200000000000,0.411169882702,0.420939266012,0.0680831317653,-0.535966458439,0.240025786116,0.0880195833689,0.592356185874,0.593818044210,0.421044338489,0.153282979142,true,0.00000000000,4.81856959376e-12,7.00000000000,1.00000000000
L1_Halo_07,L2_Lyapunov_07,2.00000000000,0.742088676979,0.554727685241,0.200000000000,0.00000000000,0.158394320704,-0.150053675823,0.0827487671828,-0.280020941541,0.142637080647,-0.0672796309994,0.233350005206,0.321377680035,0.742088676979,0.0420983767517,true,0.00000000000,1.37122458538e-14,13.0000000000,1.00000000000
L1_Halo_07,L2_Lyapunov_07,2.00000000000,1.06313301547,0.333132171567,0.400000000000,0.00000000000,0.0437621637192,0.00887202213366,0.121721371992,-0.112903374983,0.110962147494,0.127843471433,0.129653122407,0.203479049160,1.06313301547,0.0751869330195,true,0.00000000000,2.22009795909e-15,19.0000000000,1.00000000000
L1_Halo_07,L2_Lyapunov_07,2.00000000000,1.38417735396,0.520852291119,0.200000000000,0.800000000000,0.129069491224,-0.220942843752,0.0485216486250,-0.235100423899,0.0945968858720,-0.0599478997118,0.260440058661,0.260412232458,1.38417735396,0.0857383008562,true,0.00000000000,5.32299314306e-15,25.0000000000,1.00000000000
L1_Halo_07,L2_Lyapunov_07,2.00000000000,1.70522169245,0.498318607721,0.400000000000,0.800000000000,0.0791818173604,-0.0838303726644,0.211833358444,-0.235729161219,0.0333993993305,0.0971259256434,0.241185951770,0.257132655952,1.70522169245,0.0904061557788,true,0.00000000000,1.71759431329e-12,31.0000000000,1.00000000000
L1_Halo_07,L2_Lyapunov_07,2.00000000000,2.02626603094,0.621313740297,0.00000000000,0.600000000000,-0.0566526765432,0.270492618816,0.190854562542,0.0382288520648,0.228407814851,0.166891736760,0.335858968373,0.285454771924,2.02626603094,0.177568424319,true,0.00000000000,1.75776669765e-12,37.0000000000,1.00000000000
L1_Halo_07,L2_Lyapunov_07,2.00000000000,2.34731036942,0.660102848389,0.800000000000,0.600000000000,-0.127673127760,0.299770131204,0.147824158737,0.0456865084532,0.225175777916,0.196471235143,0.357791197516,0.302311650873,2.34731036942,0.167033204876,true,0.00000000000,1.31820066342e-15,43.0000000000,1.00000000000
L1_Halo_07,L2_Lyapunov_07,2.00000000000,2.66835470791,0.606608683655,0.400000000000,0.00000000000,0.0556932352157,0.121489456845,0.127576791462,0.224732246911,0.342292921667,-0.101414944465,0.184762718894,0.421845964761,2.66835470791,0.0141718938662,true,0.00000000000,1.19688003365e-13,49.0000000000,1.00000000000
L1_Halo_07,L2_Lyapunov_07,2.00000000000,2.98939904640,1.18769974122,0.200000000000,0.800000000000,-0.156005630445,0.235244019033,0.593665842312,0.162428524234,0.301973272459,0.404590931047,0.657355792208,0.530343949008,2.98939904640,0.167033205251,true,0.00000000000,3.56630549219e-13,55.0000000000,1.00000000000
L1_Halo_07,L2_Lyapunov_08,2.00000000000,0.421044338489,1.26156425984,0.600000000000,0.800000000000,0.609008328086,0.0596179952481,-0.0967577301159,-0.556258911385,0.284715927850,-0.147414817804,0.619521999103,0.642042260738,0.421044338489,0.0874048124349,true,0.00000000000,2.42265430326e-16,7.00000000000,1.00000000000
L1_Halo_07,L2_Lyapunov_08,2.00000000000,0.742088676979,0.582045886420,0.200000000000,0.00000000000,0.180128350457,-0.169021049565,0.0759131201899,-0.294642323189,0.120037475943,-0.0592901754619,0.258412731210,0.323633155210,0.742088676979,0.0416164148546,true,0.00000000000,7.74978084909e-14,13.0000000000,1.00000000000
L1_Halo_07,L2_Lyapunov_08,2.00000000000,1.06313301547,0.374620093982,0.200000000000,0.200000000000,0.176047217687,-0.0939540381461,0.142512323167,-0.110463171402,0.0452190669479,-0.0499914495581,0.245213674973,0.129406419009,1.06313301547,0.0213993321265,true,0.00000000000,3.16108085458e-14,19.0000000000,1.00000000000
L1_Halo_07,L2_Lyapunov_08,2.00000000000,1.38417735396,0.509327123190,0.200000000000,0.800000000000,0.122042651631,-0.207728163842,0.0658610706004,-0.244294294100,0.0652768953930,-0.0585762389075,0.249766049516,0.259561073674,1.38417735396,0.0843439549081,true,0.00000000000,5.78545767608e-14,25.0000000000,1.00000000000
L1_Halo_07,L2_Lyapunov_08,2.00000000000,1.70522169245,0.515195613177,0.200000000000,0.800000000000,0.117890098658,-0.221553664727,0.0831888749245,-0.242264469400,0.0177761762471,-0.0623946776844,0.264394573747,0.250801039430,1.70522169245,0.0916113351176,true,0.00000000000,3.37188585436e-15,31.0000000000,1.00000000000
L1_Halo_07,L2_Lyapunov_08,2.00000000000,2.02626603094,0.653052890125,0.00000000000,0.600000000000,-0.0639373946578,0.269656395301,0.187842014716,0.0511783275933,0.267937529659,0.163947632224,0.334794241968,0.318258648157,2.02626603094,0.177568424319,true,0.00000000000,2.24328199749e-13,37.0000000000,1.00000000000
L1_Halo_07,L2_Lyapunov_08,2.00000000000,2.34731036942,0.253979689788,0.200000000000,0.400000000000,0.0532112207392,-0.0985543956688,0.0767468642729,-0.0479425350137,-0.0949029320355,0.0516489556341,0.135773650219,0.118206039569,2.34731036942,0.0822677224899,true,0.00000000000,3.07554186255e-14,43.0000000000,1.00000000000
L1_Halo_07,L2_Lyapunov_08,2.00000000000,2.66835470791,0.220009981286,0.200000000000,0.600000000000,0.0682649362897,-0.0505234135032,0.122361191305,-0.0302973373707,-0.0359288786476,0.0533033251160,0.148946225115,0.0710637561704,2.66835470791,0.0427673995341,true,0.00000000000,5.10133879171e-14,49.0000000000,1.00000000000
L1_Halo_07,L2_Lyapunov_08,2.00000000000,2.98939904640,0.739272264668,0.00000000000,0.200000000000,0.110546759551,0.155828011386,0.269739192043,-0.166828179815,0.279030217520,-0.247721144026,0.330548312510,0.408723952157,2.98939904640,0.109148224484,true,0.00000000000,3.87781138316e-15,55.0000000000,1.00000000000
L1_Halo_07,L2_Lyapunov_09,2.00000000000,0.421044338489,1.29262856515,0.600000000000,0.800000000000,0.625550464793,0.122827460367,-0.123564023169,-0.582224124488,0.215574000505,-0.168338157701,0.649359712982,0.643268852167,0.421044338489,0.0789804669607,true,0.00000000000,1.32551166440e-15,7.00000000000,1.00000000000
L1_Halo_07,L2_Lyapunov_09,2.00000000000,0.742088676979,0.612849112881,0.200000000000,0.00000000000,0.201092418202,-0.184698977753,0.0698586107248,-0.312829781285,0.0944350628737,-0.0528068277704,0.281837007033,0.331012105848,0.742088676979,0.0404537877547,true,0.00000000000,8.50457371328e-15,13.0000000000,1.00000000000
L1_Halo_07,L2_Lyapunov_09,2.00000000000,1.06313301547,0.378271451523,0.200000000000,0.200000000000,0.154534396609,-0.108152928271,0.137750035068,-0.135419753286,0.00230794571242,-0.0509497201862,0.233565853220,0.144705598304,1.06313301547,0.0303771866080,true,0.00000000000,1.77208377107e-12,19.0000000000,1.00000000000
L1_Halo_07,L2_Lyapunov_09,2.00000000000,1.38417735396,0.494874523149,0.200000000000,0.800000000000,0.115731335329,-0.193742931799,0.0825591207260,-0.245325490053,0.0346108626403,-0.0585113503409,0.240304128167,0.254570394982,1.38417735396,0.0823213662592,true,0.00000000000,4.00564803613e-12,25.0000000000,1.00000000000
L1_Halo_07,L2_Lyapunov_09,2.00000000000,1.70522169245,0.506249833149,0.200000000000,0.800000000000,0.111395818763,-0.209208938125,0.100841839482,-0.239068366547,-0.00718544359585,-0.0680610712081,0.257578114015,0.248671719134,1.70522169245,0.0915867409545,true,0.00000000000,1.61444217518e-12,31.0000000000,1.00000000000
L1_Halo_07,L2_Lyapunov_09,2.00000000000,2.02626603094,0.283797313121,0.200000000000,0.400000000000,0.0554594371774,-0.0676754781357,0.00177405857382,-0.110243962974,-0.120671985559,0.108679831967,0.0875149518468,0.196282361274,2.02626603094,0.0790181863102,true,0.00000000000,1.36099086055e-14,37.0000000000,1.00000000000
L1_Halo_07,L2_Lyapunov_09,2.00000000000,2.34731036942,0.184176320280,0.200000000000,0.400000000000,0.0445800996226,-0.0654327496462,0.0882937480798,-0.0297161310138,-0.0270082650313,0.0518507681363,0.118594333586,0.0655819866941,2.34731036942,0.0696311336261,true,0.00000000000,1.73994320083e-14,43.0000000000,1.00000000000
L1_Halo_07,L2_Lyapunov_09,2.00000000000,2.66835470791,0.666679769583,0.00000000000,0.400000000000,0.114207241125,-0.0812972326854,-0.317825988886,-0.193916078111,-0.0711145723240,0.243511853940,0.347369965856,0.319309803727,2.66835470791,0.113643728931,true,0.00000000000,4.93221516292e-15,49.0000000000,1.00000000000
L1_Halo_07,L2_Lyapunov_09,2.00000000000,2.98939904640,1.11694237008,0.200000000000,0.600000000000,-0.227962541489,0.244920953720,0.566232104232,0.122946656821,0.301117848707,0.324212631045,0.657702052419,0.459240317657,2.98939904640,0.167033205251,true,0.00000000000,3.73455928028e-12,55.0000000000,1.00000000000
L1_Halo_07,L2_Lyapunov_10,2.00000000000,0.421044338489,1.33379971568,0.600000000000,0.800000000000,0.637161917052,0.197530238822,-0.165390317667,-0.595079353822,0.152380373976,-0.201629582824,0.687275389468,0.646524326215,0.421044338489,0.0712821707662,true,0.00000000000,3.50601656543e-12,7.00000000000,1.00000000000
L1_Halo_07,L2_Lyapunov_10,2.00000000000,0.742088676979,0.645469638150,0.200000000000,0.00000000000,0.220783437753,-0.197707671115,0.0645274958869,-0.332332605448,0.0660495739068,-0.0475936652772,0.303310809780,0.342158828370,0.742088676979,0.0389938064206,true,0.00000000000,2.37375313040e-14,13.0000000000,1.00000000000
L1_Halo_07,L2_Lyapunov_10,2.00000000000,1.06313301547,0.495649978429,0.400000000000,0.800000000000,0.0992247493553,-0.0365255068111,0.198800873273,-0.252976880832,0.0385929677248,0.0875944816601,0.225169826457,0.270480151972,1.06313301547,0.0706225765323,true,0.00000000000,4.43262366758e-15,19.0000000000,1.00000000000
L1_Halo_07,L2_Lyapunov_10,2.00000000000,1.38417735396,0.477925006028,0.200000000000,0.800000000000,0.110288402943,-0.179036750768,0.0991877494005,-0.237971876024,0.00452765171621,-0.0598555768194,0.232499246408,0.245425759620,1.38417735396,0.0794340855883,true,0.00000000000,4.22205895865e-15,25.0000000000,1.00000000000
L1_Halo_07,L2_Lyapunov_10,2.00000000000,1.70522169245,0.496024777803,0.200000000000,0.800000000000,0.105775651525,-0.195540748362,0.121744500979,-0.227820162082,-0.0308738887681,-0.0773189102025,0.253468728335,0.242556049468,1.70522169245,0.0911861549627,true,0.00000000000,1.07726166266e-14,31.0000000000,1.00000000000
L1_Halo_07,L2_Lyapunov_10,2.00000000000,2.02626603094,0.727702003444,0.00000000000,0.600000000000,-0.0772172418701,0.266053707286,0.183898488205,0.0759592417028,0.353262831221,0.160027872797,0.332514257690,0.395187745754,2.02626603094,0.177568424319,true,0.00000000000,4.03380236992e-15,37.0000000000,1.00000000000
L1_Halo_07,L2_Lyapunov_10,2.00000000000,2.34731036942,0.738916060755,0.400000000000,0.800000000000,0.299294955158,0.176418182026,0.144569204077,-0.326932102970,0.153065054925,0.0343142123545,0.376299215917,0.362616844839,2.34731036942,0.00459851167458,true,0.00000000000,8.26207597713e-13,43.0000000000,1.00000000000
L1_Halo_07,L2_Lyapunov_10,2.00000000000,2.66835470791,0.218683957505,0.200000000000,0.400000000000,0.0507691131940,-0.0920044960446,0.109769929141,0.000296979209690,0.0446213318143,0.0496081404230,0.151959756155,0.0667242013497,2.66835470791,0.0790012039855,true,0.00000000000,8.61853889477e-15,49.0000000000,1.00000000000
L1_Halo_07,L2_Lyapunov_10,2.00000000000,2.98939904640,1.17162053279,0.200000000000,0.600000000000,-0.227278221116,0.234873749812,0.583687307329,0.134164408471,0.347902740112,0.337087311301,0.668963332987,0.502657199807,2.98939904640,0.167033205251,true,0.00000000000,2.30073664547e-15,55.0000000000,1.00000000000
L1_Halo_08,L2_Lyapunov_01,2.00000000000,0.421044338489,0.844999277073,0.200000000000,0.00000000000,0.257871237598,-0.127009579787,0.0425880622661,-0.491699542541,0.231567441530,-0.109441025987,0.290590350124,0.554408926949,0.421044338489,0.0204859691254,true,0.00000000000,6.90171921631e-16,7.00000000000,1.00000000000
L1_Halo_08,L2_Lyapunov_01,2.00000000000,0.742088676979,0.608073066987,0.200000000000,0.200000000000,-0.0780370035254,0.417717762780,0.0790115922202,-0.150474725956,0.0837380279084,0.0355937190183,0.432227642529,0.175845424458,0.742088676979,0.163461844174,true,0.00000000000,4.58671097974e-16,13.0000000000,1.00000000000
L1_Halo_08,L2_Lyapunov_01,2.00000000000,1.06313301547,0.522302696728,0.00000000000,0.200000000000,-0.101817559172,0.292139202846,0.0188459786092,-0.101157981796,0.171657508282,0.0734547257365,0.309947253747,0.212355442981,1.06313301547,0.171176696055,true,0.00000000000,7.30721570615e-12,19.0000000000,1.00000000000
L1_Halo_08,L2_Lyapunov_01,2.00000000000,1.38417735396,0.503376822105,0.00000000000,0.400000000000,-0.0711763974114,0.357329971186,0.0477193793735,-0.106790735291,0.0480363662818,0.0690016747949,0.367461463319,0.135915358786,1.38417735396,0.171176696055,true,0.00000000000,3.29208998690e-15,25.0000000000,1.00000000000
L1_Halo_08,L2_Lyapunov_01,2.00000000000,1.70522169245,0.469572330459,0.00000000000,0.400000000000,-0.128284582771,0.325161060587,0.0768715523898,-0.0234596832261,0.0807939570861,0.0734275485699,0.357904854766,0.111667475693,1.70522169245,0.171176696055,true,0.00000000000,2.36183799727e-15,31.0000000000,1.00000000000
L1_Halo_08,L2_Lyapunov_01,2.00000000000,2.02626603094,0.505171543432,0.00000000000,0.400000000000,-0.169850554239,0.299428698049,0.117791719116,0.0408528699521,0.101945714539,0.0889488839286,0.363842885162,0.141328658270,2.02626603094,0.171176696055,true,0.00000000000,1.11968686448e-14,37.0000000000,1.00000000000
L1_Halo_08,L2_Lyapunov_01,2.00000000000,2.34731036942,0.551804715131,0.200000000000,0.600000000000,-0.128329866626,0.411545526670,0.163173647136,0.0227094348608,0.0660569678709,0.0581162955029,0.460938080776,0.0908666343548,2.34731036942,0.163461844174,true,0.00000000000,1.59060608093e-15,43.0000000000,1.00000000000
L1_Halo_08,L2_Lyapunov_01,2.00000000000,2.66835470791,0.596285194770,0.200000000000,0.600000000000,-0.189244588808,0.392972832880,0.208711306044,0.0394073273396,0.0568728223276,0.0890292438296,0.483530320710,0.112754874061,2.66835470791,0.163461844174,true,0.00000000000,4.73602585528e-15,49.0000000000,1.00000000000
L1_Halo_08,L2_Lyapunov_01,2.00000000000,2.98939904640,0.770367235847,0.00000000000,0.800000000000,-0.0473684978880,0.241462226617,-0.352219312679,0.0702134904858,0.126907137169,-0.308297334239,0.429658266183,0.340708969664,2.98939904640,0.169713263466,true,0.00000000000,3.17393429602e-13,55.0000000000,1.00000000000
L1_Halo_08,L2_Lyapunov_02,2.00000000000,0.421044338489,0.849839146183,0.200000000000,0.00000000000,0.273822341430,-0.145155918188,0.0383949948195,-0.477913415725,0.226186135931,-0.0969589896781,0.312286872728,0.537552273455,0.421044338489,0.0226780906686,true,0.00000000000,1.47828740072e-13,7.00000000000,1.00000000000
L1_Halo_08,L2_Lyapunov_02,2.00000000000,0.742088676979,0.630477559706,0.200000000000,0.200000000000,-0.0473362293638,0.413566144855,0.0794604362255,-0.164943560253,0.119285779060,0.0358797812183,0.423782533507,0.206695026199,0.742088676979,0.163461844174,true,0.00000000000,2.28670585435e-13,13.0000000000,1.00000000000
L1_Halo_08,L2_Lyapunov_02,2.00000000000,1.06313301547,0.547161354189,0.00000000000,0.200000000000,-0.0848609597851,0.294639761594,0.0200281229239,-0.111175696493,0.199183535975,0.0742533130615,0.307270397721,0.239890956467,1.06313301547,0.171176696055,true,0.00000000000,5.23694026455e-16,19.0000000000,1.00000000000
L1_Halo_08,L2_Lyapunov_02,2.00000000000,1.38417735396,0.501178433941,0.00000000000,0.400000000000,-0.0622200775698,0.353195282483,0.0494332009899,-0.0964605728597,0.0714589891845,0.0703756424163,0.362024704932,0.139153729009,1.38417735396,0.171176696055,true,0.00000000000,8.94573630771e-16,25.0000000000,1.00000000000
L1_Halo_08,L2_Lyapunov_02,2.00000000000,1.70522169245,0.479889958545,0.00000000000,0.400000000000,-0.120572257947,0.323369307156,0.0782992711012,-0.0141669968459,0.100482685665,0.0746941759141,0.353887205267,0.126002753278,1.70522169245,0.171176696055,true,0.00000000000,4.32338957508e-13,31.0000000000,1.00000000000
L1_Halo_08,L2_Lyapunov_02,2.00000000000,2.02626603094,0.517777789762,0.00000000000,0.400000000000,-0.163235493452,0.298978486054,0.118808546667,0.0490331388552,0.118869618463,0.0901089965316,0.360762293216,0.157015496545,2.02626603094,0.171176696055,true,0.00000000000,5.77870177736e-13,37.0000000000,1.00000000000
L1_Halo_08,L2_Lyapunov_02,2.00000000000,2.34731036942,0.565576120129,0.00000000000,0.600000000000,-0.0916894261694,0.300029452178,0.212574482214,0.0109582656432,0.0900671797150,0.163072020536,0.378962443435,0.186613676694,2.34731036942,0.171176696055,true,0.00000000000,5.48524086195e-15,43.0000000000,1.00000000000
L1_Halo_08,L2_Lyapunov_02,2.00000000000,2.66835470791,0.608405811163,0.200000000000,0.600000000000,-0.193787750259,0.390168516945,0.210131629407,0.0510847264883,0.0690422479351,0.0904519884702,0.483673924708,0.124731886455,2.66835470791,0.163461844174,true,0.00000000000,5.16235098716e-15,49.0000000000,1.00000000000
L1_Halo_08,L2_Lyapunov_02,2.00000000000,2.98939904640,0.488155690643,0.400000000000,0.600000000000,0.215732503803,0.0737156936167,0.143921900725,-0.153774668017,-0.138468293172,-0.0703088602816,0.269607177558,0.218548513085,2.98939904640,0.00789279870062,true,0.00000000000,5.08317978161e-12,55.0000000000,1.00000000000
L1_Halo_08,L2_Lyapunov_03,2.00000000000,0.421044338489,0.866660236288,0.200000000000,0.00000000000,0.294240568858,-0.165120898216,0.0335741871899,-0.471967854541,0.219945391763,-0.0849704844589,0.339071746737,0.527588489551,0.421044338489,0.0246587315488,true,0.00000000000,1.79857582596e-15,7.00000000000,1.00000000000
L1_Halo_08,L2_Lyapunov_03,2.00000000000,0.742088676979,0.642312853578,0.00000000000,0.00000000000,0.186377628991,-0.162816168498,-0.0787804909097,-0.192688468538,0.198240646023,-0.264485554995,0.259715403973,0.382597449605,0.742088676979,0.0423049116927,true,0.00000000000,1.45489749521e-15,13.0000000000,1.00000000000
L1_Halo_08,L2_Lyapunov_03,2.00000000000,1.06313301547,0.578436817136,0.00000000000,0.200000000000,-0.0677360476045,0.298763878462,0.0213380183547,-0.123899222845,0.229397979075,0.0752028362120,0.307088486020,0.271348331116,1.06313301547,0.171176696055,true,0.00000000000,1.40723448261e-15,19.0000000000,1.00000000000
L1_Halo_08,L2_Lyapunov_03,2.00000000000,1.38417735396,0.507662610943,0.00000000000,0.400000000000,-0.0535493573312,0.349873692494,0.0511857013665,-0.0887515031811,0.0973356794177,0.0718245447115,0.357629851095,0.150032759848,1.38417735396,0.171176696055,true,0.00000000000,1.77660479430e-15,25.0000000000,1.00000000000
L1_Halo_08,L2_Lyapunov_03,2.00000000000,1.70522169245,0.495201983885,0.00000000000,0.400000000000,-0.113264243035,0.322152411912,0.0797145072483,-0.00749219779348,0.122717960264,0.0759956948150,0.350664181115,0.144537802770,1.70522169245,0.171176696055,true,0.00000000000,5.23729142367e-16,31.0000000000,1.00000000000
L1_Halo_08,L2_Lyapunov_03,2.00000000000,2.02626603094,0.532877988798,0.00000000000,0.400000000000,-0.157086010099,0.298927809309,0.119773274098,0.0546077319892,0.138438975948,0.0912678961547,0.358300833009,0.174577155788,2.02626603094,0.171176696055,true,0.00000000000,6.75962867213e-16,37.0000000000,1.00000000000
L1_Halo_08,L2_Lyapunov_03,2.00000000000,2.34731036942,0.573689352064,0.00000000000,0.600000000000,-0.0978351488943,0.298348181129,0.210930160163,0.0232154014191,0.106409471091,0.162276516317,0.378252410446,0.195436941618,2.34731036942,0.171176696055,true,0.00000000000,2.32303154799e-15,43.0000000000,1.00000000000
L1_Halo_08,L2_Lyapunov_03,2.00000000000,2.66835470791,0.531127530827,0.400000000000,0.600000000000,0.410848323443,0.104531079903,0.151374724630,0.0216324195703,0.0500218651415,-0.0598897692924,0.450152639444,0.0809748913837,2.66835470791,0.00225561183045,false,0.00000000000,9.94583438500e-12,49.0000000000,1.00000000000
L1_Halo_08,L2_Lyapunov_03,2.00000000000,2.98939904640,0.462300389385,0.400000000000,0.600000000000,0.188352964315,0.0658105594044,0.131677744746,-0.150746265668,-0.152388775479,-0.0623866803021,0.239054172431,0.223246216954,2.98939904640,0.00101537289045,false,0.00000000000,4.19973530547e-12,55.0000000000,1.00000000000
L1_Halo_08,L2_Lyapunov_04,2.00000000000,0.421044338489,0.896644934016,0.200000000000,0.00000000000,0.319605441980,-0.186433130633,0.0281734807988,-0.475242603814,0.211953704163,-0.0737628689509,0.371077748944,0.525567185072,0.421044338489,0.0261595302867,true,0.00000000000,1.61239504312e-15,7.00000000000,1.00000000000
L1_Halo_08,L2_Lyapunov_04,2.00000000000,0.742088676979,0.473658186340,0.200000000000,0.00000000000,0.110275530834,-0.0736086987513,0.0747377799823,-0.259734957600,0.175075490664,-0.0722637607917,0.152199438203,0.321458748138,0.742088676979,0.0388615041722,true,0.00000000000,1.68400414425e-14,13.0000000000,1.00000000000
L1_Halo_08,L2_Lyapunov_04,2.00000000000,1.06313301547,0.578969688281,0.200000000000,0.400000000000,0.270120301759,-0.123748353693,0.0745150830013,-0.148219967384,-0.228112344764,-0.0182804542553,0.306318674029,0.272651014252,1.06313301547,0.0178363677049,true,0.00000000000,3.46202762224e-14,19.0000000000,1.00000000000
L1_Halo_08,L2_Lyapunov_04,2.00000000000,1.38417735396,0.522766294347,0.00000000000,0.400000000000,-0.0451090186132,0.347347669859,0.0529711091267,-0.0839205718950,0.126400829815,0.0733403817991,0.354247322811,0.168518971536,1.38417735396,0.171176696055,true,0.00000000000,1.99923749702e-15,25.0000000000,1.00000000000
L1_Halo_08,L2_Lyapunov_04,2.00000000000,1.70522169245,0.515437132585,0.00000000000,0.400000000000,-0.106314376589,0.321496953712,0.0811053851110,-0.00370812923882,0.148247677715,0.0773185094082,0.348196957783,0.167240174801,1.70522169245,0.171176696055,true,0.00000000000,4.24288488369e-15,31.0000000000,1.00000000000
L1_Halo_08,L2_Lyapunov_04,2.00000000000,2.02626603094,0.549437301836,0.00000000000,0.600000000000,-0.0483794215048,0.318150935120,0.156693072693,0.0118631587221,0.139008216355,0.131191989822,0.357929189886,0.191508111950,2.02626603094,0.171176696055,true,0.00000000000,1.86408017581e-14,37.0000000000,1.00000000000
L1_Halo_08,L2_Lyapunov_04,2.00000000000,2.34731036942,0.586090198879,0.00000000000,0.600000000000,-0.103953307760,0.296916270562,0.208839715128,0.0359493520272,0.127899626720,0.160681957858,0.377597124636,0.208493074243,2.34731036942,0.171176696055,true,0.00000000000,3.81703225830e-15,43.0000000000,1.00000000000
L1_Halo_08,L2_Lyapunov_04,2.00000000000,2.66835470791,0.644289703964,0.200000000000,0.600000000000,-0.202960304656,0.385024156472,0.211673290629,0.0761732734139,0.107227680979,0.0916365657487,0.483985607532,0.160304096432,2.66835470791,0.163461844174,true,0.00000000000,1.39789157663e-14,49.0000000000,1.00000000000
L1_Halo_08,L2_Lyapunov_04,2.00000000000,2.98939904640,0.436035322436,0.400000000000,0.600000000000,0.167891801596,0.0612876683540,0.125351535782,-0.142578667490,-0.153168780077,-0.0601445862550,0.218304472832,0.217730849604,2.98939904640,0.00236320527533,false,0.00000000000,2.29041168645e-12,55.0000000000,1.00000000000
L1_Halo_08,L2_Lyapunov_05,2.00000000000,0.421044338489,0.939509651400,0.200000000000,0.00000000000,0.349727476644,-0.208286558296,0.0223458021305,-0.488186595795,0.201190938088,-0.0636651135635,0.407666448410,0.531843202991,0.421044338489,0.0269638688544,true,0.00000000000,3.79062252807e-13,7.00000000000,1.00000000000
L1_Halo_08,L2_Lyapunov_05,2.00000000000,0.742088676979,0.483841491096,0.200000000000,0.00000000000,0.131098878634,-0.101510622712,0.0688703717635,-0.249711040569,0.162128978357,-0.0629147116369,0.179539551658,0.304301939438,0.742088676979,0.0428860737881,true,0.00000000000,6.69633721565e-12,13.0000000000,1.00000000000
L1_Halo_08,L2_Lyapunov_05,2.00000000000,1.06313301547,0.557996365349,0.200000000000,0.400000000000,0.248934138019,-0.126622385058,0.0771771928605,-0.152384342570,-0.219819288556,-0.0203006073173,0.289754642011,0.268241723338,1.06313301547,0.0220406326580,true,0.00000000000,2.21444698375e-13,19.0000000000,1.00000000000
L1_Halo_08,L2_Lyapunov_05,2.00000000000,1.38417735396,0.545702712280,0.00000000000,0.400000000000,-0.0368316345947,0.345466655858,0.0548085967943,-0.0816342965695,0.159214339626,0.0749365411242,0.351721142241,0.193981570038,1.38417735396,0.171176696055,true,0.00000000000,1.93961074497e-15,25.0000000000,1.00000000000
L1_Halo_08,L2_Lyapunov_05,2.00000000000,1.70522169245,0.436030594289,0.200000000000,0.400000000000,0.340610029254,-0.0615882043259,0.0836740280068,-0.0293347182061,0.0694810307408,-0.0264615707193,0.356103414619,0.0799271796698,1.70522169245,0.00450164539648,false,0.00000000000,2.21442736464e-13,31.0000000000,1.00000000000
L1_Halo_08,L2_Lyapunov_05,2.00000000000,2.02626603094,0.567317379515,0.00000000000,0.600000000000,-0.0561971149874,0.317341452558,0.152674759180,0.0239502618835,0.165622965433,0.128029215129,0.356613649957,0.210703729559,2.02626603094,0.171176696055,true,0.00000000000,3.38936448826e-15,37.0000000000,1.00000000000
L1_Halo_08,L2_Lyapunov_05,2.00000000000,2.34731036942,0.603987007906,0.00000000000,0.600000000000,-0.109947660942,0.295637526514,0.206524974345,0.0490167423904,0.154857186224,0.158529254629,0.377018037046,0.226968970860,2.34731036942,0.171176696055,true,0.00000000000,7.01808354984e-13,43.0000000000,1.00000000000
L1_Halo_08,L2_Lyapunov_05,2.00000000000,2.66835470791,0.621212788378,0.800000000000,0.00000000000,0.349690677908,-0.243542350980,-0.0591825076266,-0.136815275677,0.0117972341073,-0.132726465686,0.430231351886,0.190981436492,2.66835470791,0.0678098081942,true,0.00000000000,5.07314417401e-13,49.0000000000,1.00000000000
L1_Halo_08,L2_Lyapunov_05,2.00000000000,2.98939904640,0.886555947921,0.200000000000,0.600000000000,-0.225557963735,0.314635905452,0.437986139144,0.0802726200005,0.139507126270,0.255536535015,0.584554536451,0.302001411469,2.98939904640,0.163461844174,true,0.00000000000,5.86429895363e-15,55.0000000000,1.00000000000
L1_Halo_08,L2_Lyapunov_06,2.00000000000,0.421044338489,0.993729437166,0.200000000000,0.00000000000,0.383923818869,-0.229940725462,0.0162678783159,-0.510078261311,0.186649205408,-0.0548539171773,0.447811209982,0.545918227184,0.421044338489,0.0270345472526,true,0.00000000000,1.19873733335e-13,7.00000000000,1.00000000000
L1_Halo_08,L2_Lyapunov_06,2.00000000000,0.742088676979,0.506214398034,0.200000000000,0.00000000000,0.153817061369,-0.125404397281,0.0633753631507,-0.253169766956,0.147160383055,-0.0546129742354,0.208332397577,0.297882000457,0.742088676979,0.0451183112063,true,0.00000000000,2.40066798504e-15,13.0000000000,1.00000000000
L1_Halo_08,L2_Lyapunov_06,2.00000000000,1.06313301547,0.542008315469,0.200000000000,0.400000000000,0.231009324568,-0.130451433372,0.0787144308394,-0.162664613050,-0.208386748384,-0.0220995797783,0.276728831402,0.265279484067,1.06313301547,0.0265391367858,true,0.00000000000,2.07983518967e-12,19.0000000000,1.00000000000
L1_Halo_08,L2_Lyapunov_06,2.00000000000,1.38417735396,0.540947346626,0.200000000000,0.800000000000,0.161883055315,-0.235163805294,0.0164925729678,-0.223544083888,0.113260665840,-0.0470356212498,0.285972278170,0.254975068456,1.38417735396,0.0903154935367,true,0.00000000000,3.70015270232e-13,25.0000000000,1.00000000000
L1_Halo_08,L2_Lyapunov_06,2.00000000000,1.70522169245,0.536447529377,0.200000000000,0.800000000000,0.157947455341,-0.245049183205,0.0345766277338,-0.232127156656,0.0582155030733,-0.0413550000321,0.293584815724,0.242862713653,1.70522169245,0.0943180767110,true,0.00000000000,2.77577101889e-16,31.0000000000,1.00000000000
L1_Halo_08,L2_Lyapunov_06,2.00000000000,2.02626603094,0.591961821485,0.00000000000,0.600000000000,-0.0637066754747,0.316437689079,0.148874629631,0.0362204375763,0.197602143299,0.124789656990,0.355464494595,0.236497326890,2.02626603094,0.171176696055,true,0.00000000000,2.45579898741e-13,37.0000000000,1.00000000000
L1_Halo_08,L2_Lyapunov_06,2.00000000000,2.34731036942,0.628223337374,0.00000000000,0.600000000000,-0.115755291614,0.294344749403,0.204275527405,0.0624145893993,0.187265040567,0.156177020670,0.376519070081,0.251704267293,2.34731036942,0.171176696055,true,0.00000000000,9.44948344133e-16,43.0000000000,1.00000000000
L1_Halo_08,L2_Lyapunov_06,2.00000000000,2.66835470791,0.700902513413,0.200000000000,0.600000000000,-0.211928438396,0.380343068101,0.212233302094,0.103140403955,0.167060825915,0.0913106828885,0.484373292999,0.216529220414,2.66835470791,0.163461844174,true,0.00000000000,2.60541814010e-15,49.0000000000,1.00000000000
L1_Halo_08,L2_Lyapunov_06,2.00000000000,2.98939904640,0.918145323811,0.200000000000,0.600000000000,-0.227654440472,0.309089685537,0.448292488683,0.0936388384420,0.173312998475,0.262195243337,0.590194148888,0.327951174924,2.98939904640,0.163461844174,true,0.00000000000,3.26407620666e-15,55.0000000000,1.00000000000
L1_Halo_08,L2_Lyapunov_07,2.00000000000,0.421044338489,1.22841525872,0.200000000000,0.200000000000,0.414156741208,0.466634561940,0.0543755257104,-0.556946030053,0.221448828759,0.0577483112575,0.626282938041,0.602132320677,0.421044338489,0.147995493007,true,0.00000000000,5.70590235925e-17,7.00000000000,1.00000000000
L1_Halo_08,L2_Lyapunov_07,2.00000000000,0.742088676979,0.535373222369,0.200000000000,0.00000000000,0.176864351577,-0.144939681169,0.0584656862037,-0.265731841568,0.129315397185,-0.0476949851859,0.236022766910,0.299350455460,0.742088676979,0.0456228995677,true,0.00000000000,3.49840919136e-15,13.0000000000,1.00000000000
L1_Halo_08,L2_Lyapunov_07,2.00000000000,1.06313301547,0.437524377612,0.800000000000,0.200000000000,0.332799876878,-0.00713624296879,-0.110667255895,-0.0747748644199,-0.0362397998545,-0.0248631109233,0.350790429660,0.0867339479518,1.06313301547,0.0451799734346,true,0.00000000000,3.82863398153e-12,19.0000000000,1.00000000000
L1_Halo_08,L2_Lyapunov_07,2.00000000000,1.38417735396,0.530851662394,0.200000000000,0.800000000000,0.153748165958,-0.222926016294,0.0311897632655,-0.239473877471,0.0861223531346,-0.0439589949135,0.272593669422,0.258257992973,1.38417735396,0.0894201973843,true,0.00000000000,2.49400788723e-15,25.0000000000,1.00000000000
L1_Halo_08,L2_Lyapunov_07,2.00000000000,1.70522169245,0.605083726202,0.00000000000,0.400000000000,-0.0864686468982,0.321383326798,0.0855648958327,-0.00320823831105,0.248304368722,0.0817910376245,0.343635593382,0.261448132820,1.70522169245,0.171176696055,true,0.00000000000,1.41489219298e-15,31.0000000000,1.00000000000
L1_Halo_08,L2_Lyapunov_07,2.00000000000,2.02626603094,0.622236499892,0.00000000000,0.600000000000,-0.0707555602654,0.315297939989,0.145559498731,0.0484537135757,0.233539710278,0.121828892501,0.354410366582,0.267826133310,2.02626603094,0.171176696055,true,0.00000000000,2.91627433689e-15,37.0000000000,1.00000000000
L1_Halo_08,L2_Lyapunov_07,2.00000000000,2.34731036942,0.400104934155,0.800000000000,0.400000000000,0.240528160500,-0.0759131877946,0.0859230658592,-0.0411035860431,-0.0370715654057,-0.121646784767,0.266457090957,0.133647843198,2.34731036942,0.0805532078609,true,0.00000000000,1.62307753623e-14,43.0000000000,1.00000000000
L1_Halo_08,L2_Lyapunov_07,2.00000000000,2.66835470791,0.736672632823,0.200000000000,0.600000000000,-0.216077681001,0.378011303950,0.212725974960,0.116985874614,0.203804135973,0.0912151351956,0.484597204453,0.252075428370,2.66835470791,0.163461844174,true,0.00000000000,1.69169285156e-15,49.0000000000,1.00000000000
L1_Halo_08,L2_Lyapunov_07,2.00000000000,2.98939904640,0.819181286408,0.400000000000,0.600000000000,0.377468649324,0.143757436209,0.114942470930,-0.398461571243,0.0216024308891,0.0120377042167,0.419953037031,0.399228249377,2.98939904640,0.00456579356297,true,0.00000000000,1.68012550952e-12,55.0000000000,1.00000000000
L1_Halo_08,L2_Lyapunov_08,2.00000000000,0.421044338489,1.28769606272,0.600000000000,0.800000000000,0.620753148909,0.0126174177006,-0.0759524450991,-0.576818698081,0.303227000367,-0.117576745167,0.625509748146,0.662186314576,0.421044338489,0.0820749235168,true,0.00000000000,2.32585759268e-16,7.00000000000,1.00000000000
L1_Halo_08,L2_Lyapunov_08,2.00000000000,0.742088676979,0.568409279716,0.200000000000,0.00000000000,0.199582219313,-0.160938723842,0.0540911018062,-0.283592849106,0.108057187042,-0.0420293195819,0.262030880608,0.306378399108,0.742088676979,0.0449509618011,true,0.00000000000,1.95525866573e-15,13.0000000000,1.00000000000
L1_Halo_08,L2_Lyapunov_08,2.00000000000,1.06313301547,0.347642264238,0.200000000000,0.200000000000,0.191973033795,-0.0939891291842,0.0993131277095,-0.0982167444912,0.0424064713305,-0.0329853479231,0.235691958804,0.111950305434,1.06313301547,0.0242668376216,true,0.00000000000,6.79478682329e-13,19.0000000000,1.00000000000
L1_Halo_08,L2_Lyapunov_08,2.00000000000,1.38417735396,0.495111226541,0.800000000000,0.00000000000,0.263568441461,-0.157774505270,-0.125881120251,-0.141707159501,0.0148143182038,-0.0794553746435,0.331974659097,0.163136567444,1.38417735396,0.0967768696109,true,0.00000000000,2.31274528964e-15,25.0000000000,1.00000000000
L1_Halo_08,L2_Lyapunov_08,2.00000000000,1.70522169245,0.523310198242,0.200000000000,0.800000000000,0.142038189404,-0.223988791130,0.0572210659707,-0.247968103347,0.0114935751660,-0.0432855416732,0.271330197714,0.251980000527,1.70522169245,0.0948947338786,true,0.00000000000,1.75429309410e-14,31.0000000000,1.00000000000
L1_Halo_08,L2_Lyapunov_08,2.00000000000,2.02626603094,0.549096984071,0.800000000000,0.200000000000,-0.0717517943220,0.242331203011,-0.120343746161,-0.131693084875,0.229827340935,0.0478793922985,0.279920255039,0.269176729031,2.02626603094,0.00327051273320,false,0.00000000000,1.78433354647e-13,37.0000000000,1.00000000000
L1_Halo_08,L2_Lyapunov_08,2.00000000000,2.34731036942,0.692870788371,0.00000000000,0.600000000000,-0.126197302575,0.291085017354,0.201227456573,0.0892306475751,0.263412130855,0.152481903155,0.375697665396,0.317173122975,2.34731036942,0.171176696055,true,0.00000000000,2.17106679491e-12,43.0000000000,1.00000000000
L1_Halo_08,L2_Lyapunov_08,2.00000000000,2.66835470791,0.776393956470,0.200000000000,0.600000000000,-0.219912335795,0.375547399513,0.213675675164,0.130966017664,0.243900091581,0.0915069721330,0.484824276282,0.291569680188,2.66835470791,0.163461844174,true,0.00000000000,3.49515700527e-15,49.0000000000,1.00000000000
L1_Halo_08,L2_Lyapunov_08,2.00000000000,2.98939904640,0.641740950061,0.800000000000,0.800000000000,-0.0650505083197,0.293885253491,0.00736716140119,0.153332536638,0.288461974283,0.0965546475495,0.301088667869,0.340652282192,2.98939904640,0.0131835209218,true,0.00000000000,2.72786702114e-13,55.0000000000,1.00000000000
L1_Halo_08,L2_Lyapunov_09,2.00000000000,0.421044338489,1.30916023795,0.600000000000,0.800000000000,0.636130146389,0.0713313138384,-0.104045340678,-0.603313423552,0.229875469316,-0.140067128037,0.648517657736,0.660642580211,0.421044338489,0.0734902533269,true,0.00000000000,1.72567634322e-14,7.00000000000,1.00000000000
L1_Halo_08,L2_Lyapunov_09,2.00000000000,0.742088676979,0.603472622759,0.200000000000,0.00000000000,0.221352895898,-0.174062055493,0.0502150667369,-0.303973626439,0.0834480357899,-0.0374545440051,0.286035411465,0.317437211294,0.742088676979,0.0436347199555,true,0.00000000000,9.54066740851e-16,13.0000000000,1.00000000000
L1_Halo_08,L2_Lyapunov_09,2.00000000000,1.06313301547,0.354332775365,0.200000000000,0.200000000000,0.171578020776,-0.109537445450,0.0958069004523,-0.124808777870,-0.00391729783369,-0.0337537622869,0.224980957735,0.129351817630,1.06313301547,0.0339424874903,true,0.00000000000,1.41469277933e-14,19.0000000000,1.00000000000
L1_Halo_08,L2_Lyapunov_09,2.00000000000,1.38417735396,0.500625232997,0.200000000000,0.800000000000,0.139337893902,-0.197089900658,0.0565143400438,-0.248067274145,0.0254052678315,-0.0410892404975,0.247897858500,0.252727374496,1.38417735396,0.0862641250571,true,0.00000000000,1.80311688335e-15,25.0000000000,1.00000000000
L1_Halo_08,L2_Lyapunov_09,2.00000000000,1.70522169245,0.511078711508,0.200000000000,0.800000000000,0.134804558100,-0.212979161723,0.0694132457088,-0.244875588289,-0.0147653464854,-0.0462351276995,0.261439459326,0.249639252183,1.70522169245,0.0949036690819,true,0.00000000000,9.44043001757e-15,31.0000000000,1.00000000000
L1_Halo_08,L2_Lyapunov_09,2.00000000000,2.02626603094,0.484010399119,0.400000000000,0.800000000000,0.128939951066,-0.120653421898,0.0888058025038,-0.267664382294,-0.0397638540838,0.0936564017705,0.197659378110,0.286351021009,2.02626603094,0.0977207184446,true,0.00000000000,1.25809643430e-14,37.0000000000,1.00000000000
L1_Halo_08,L2_Lyapunov_09,2.00000000000,2.34731036942,0.731419957692,0.00000000000,0.600000000000,-0.130790426442,0.288830749299,0.200781584411,0.102453933000,0.305526183369,0.151609668625,0.375289997239,0.356129960452,2.34731036942,0.171176696055,true,0.00000000000,2.94838519729e-15,43.0000000000,1.00000000000
L1_Halo_08,L2_Lyapunov_09,2.00000000000,2.66835470791,0.358167404077,0.400000000000,0.600000000000,0.171397929580,0.128148645963,0.148580520936,-0.0346126141963,0.0206353688502,-0.0889345549576,0.260529263094,0.0976381409829,2.66835470791,0.00994271896445,true,0.00000000000,1.14411950433e-12,49.0000000000,1.00000000000
L1_Halo_08,L2_Lyapunov_09,2.00000000000,2.98939904640,0.494766308669,0.00000000000,0.400000000000,0.162488644612,0.106887895996,0.171586649837,-0.186349615015,0.0637314277947,-0.128943730779,0.259363760654,0.235402548015,2.98939904640,0.0223939952248,true,0.00000000000,1.01886670261e-13,55.0000000000,1.00000000000
L1_Halo_08,L2_Lyapunov_10,2.00000000000,0.421044338489,1.34245428837,0.600000000000,0.800000000000,0.647388751029,0.144011629138,-0.153838000570,-0.614841177432,0.164486424408,-0.180755975689,0.680821323627,0.661632964738,0.421044338489,0.0657188036429,true,0.00000000000,4.57963725019e-16,7.00000000000,1.00000000000
L1_Halo_08,L2_Lyapunov_10,2.00000000000,0.742088676979,0.639362950073,0.200000000000,0.00000000000,0.241727311430,-0.184873690451,0.0467978826946,-0.324980480363,0.0558210280484,-0.0337865910894,0.307896762466,0.331466187607,0.742088676979,0.0420516807444,true,0.00000000000,1.48084228160e-12,13.0000000000,1.00000000000
L1_Halo_08,L2_Lyapunov_10,2.00000000000,1.06313301547,0.548961126217,0.200000000000,0.800000000000,0.171014724109,-0.189195264854,0.0495924366024,-0.283408143268,0.0428858086770,-0.0380795769158,0.259808186694,0.289152939523,1.06313301547,0.0676924649895,true,0.00000000000,1.21003951014e-14,19.0000000000,1.00000000000
L1_Halo_08,L2_Lyapunov_10,2.00000000000,1.38417735396,0.480370548326,0.200000000000,0.800000000000,0.133239323808,-0.183734844744,0.0682020672619,-0.239809593014,-0.00538115744470,-0.0412075514637,0.236986777185,0.243383771141,1.38417735396,0.0836524508506,true,0.00000000000,1.43706351891e-15,25.0000000000,1.00000000000
L1_Halo_08,L2_Lyapunov_10,2.00000000000,1.70522169245,0.552065839153,0.600000000000,0.600000000000,0.215835820571,-0.0556904951193,-0.0326509373698,-0.276136372001,-0.152972049277,0.0844689878735,0.225283413502,0.326782425650,1.70522169245,0.123055668576,true,0.00000000000,7.08028585463e-12,31.0000000000,1.00000000000
L1_Halo_08,L2_Lyapunov_10,2.00000000000,2.02626603094,0.212994957607,0.200000000000,0.400000000000,0.100415430931,-0.0788574802493,0.0247800824283,-0.0108780628618,0.0551807673307,0.0609493564199,0.130060806723,0.0829341508839,2.02626603094,0.0490995904913,true,0.00000000000,6.12942187743e-13,37.0000000000,1.00000000000
L1_Halo_08,L2_Lyapunov_10,2.00000000000,2.34731036942,0.771187922923,0.200000000000,0.600000000000,0.356880962360,-0.0187607016123,0.210071745978,-0.0117112299951,0.230668388191,-0.271754207695,0.414543271178,0.356644651745,2.34731036942,0.0257737420668,true,0.00000000000,2.90312085353e-14,43.0000000000,1.00000000000
L1_Halo_08,L2_Lyapunov_10,2.00000000000,2.66835470791,0.863588762033,0.200000000000,0.600000000000,-0.226424318176,0.369904527641,0.217596340884,0.158202804890,0.330619961179,0.0939134495137,0.485227265307,0.378361496726,2.66835470791,0.163461844174,true,0.00000000000,2.48635490746e-15,49.0000000000,1.00000000000
L1_Halo_08,L2_Lyapunov_10,2.00000000000,2.98939904640,0.234151256550,0.200000000000,0.600000000000,0.0850523720249,-0.117385851929,0.0937338675013,0.0145450172941,0.0422709819869,0.0422739851939,0.172624975415,0.0615262811357,2.98939904640,0.0753626731312,true,0.00000000000,9.88435011288e-14,55.0000000000,1.00000000000
L1_Halo_09,L2_Lyapunov_01,2.00000000000,0.421044338489,0.802337401952,0.200000000000,0.00000000000,0.266870400777,-0.109338410406,0.0237207528987,-0.464322119544,0.209159294839,-0.0615524346969,0.289374105475,0.512963296477,0.421044338489,0.0217546675960,true,0.00000000000,1.14796206885e-13,7.00000000000,1.00000000000
L1_Halo_09,L2_Lyapunov_01,2.00000000000,0.742088676979,0.520743417219,0.00000000000,0.00000000000,0.161642524079,-0.136190898910,-0.0354547426972,-0.173539989384,0.157197613761,-0.197655623812,0.214320566713,0.306422850505,0.742088676979,0.0322274937208,true,0.00000000000,1.09404729526e-13,13.0000000000,1.00000000000
L1_Halo_09,L2_Lyapunov_01,2.00000000000,1.06313301547,0.538692051321,0.00000000000,0.200000000000,-0.105952502128,0.316964892248,0.0111356357039,-0.100741169082,0.173346497310,0.0392623647663,0.334390008833,0.204302042488,1.06313301547,0.166488367309,true,0.00000000000,7.90093403242e-13,19.0000000000,1.00000000000
L1_Halo_09,L2_Lyapunov_01,2.00000000000,1.38417735396,0.515064559958,0.00000000000,0.400000000000,-0.0766807583120,0.384156562728,0.0269535121933,-0.105486129482,0.0498528070974,0.0370134423597,0.392661043652,0.122403516305,1.38417735396,0.166488367309,true,0.00000000000,2.17572283947e-12,25.0000000000,1.00000000000
L1_Halo_09,L2_Lyapunov_01,2.00000000000,1.70522169245,0.474116483005,0.00000000000,0.400000000000,-0.134127101187,0.353388780285,0.0428790789815,-0.0213954721965,0.0822287197994,0.0395150510011,0.380410731602,0.0937057514028,1.70522169245,0.166488367309,true,0.00000000000,7.33856223866e-16,31.0000000000,1.00000000000
L1_Halo_09,L2_Lyapunov_01,2.00000000000,2.02626603094,0.502368218876,0.00000000000,0.400000000000,-0.176630721094,0.330584928089,0.0657352168115,0.0440810864140,0.102834448354,0.0482242160195,0.380533737063,0.121834481812,2.02626603094,0.166488367309,true,0.00000000000,9.90015189135e-14,37.0000000000,1.00000000000
L1_Halo_09,L2_Lyapunov_01,2.00000000000,2.34731036942,0.513192870942,0.00000000000,0.600000000000,-0.105056084616,0.349564174083,0.128417369875,0.0148253579934,0.0813794345899,0.0953796079184,0.386940452270,0.126252418672,2.34731036942,0.166488367309,true,0.00000000000,1.90333101671e-15,43.0000000000,1.00000000000
L1_Halo_09,L2_Lyapunov_01,2.00000000000,2.66835470791,0.560109314930,0.200000000000,0.600000000000,-0.190812217191,0.415984866195,0.115465528072,0.0435906619370,0.0589418730044,0.0488750921700,0.472001058586,0.0881082563441,2.66835470791,0.160979529057,true,0.00000000000,2.15978590461e-14,49.0000000000,1.00000000000
L1_Halo_09,L2_Lyapunov_01,2.00000000000,2.98939904640,0.451231344566,0.400000000000,0.600000000000,0.168403697416,-0.00470207870056,0.0480676328123,-0.183899544504,-0.204138413431,-0.0265689521943,0.175192500329,0.276038844237,2.98939904640,0.0455017284930,true,0.00000000000,2.77994203846e-13,55.0000000000,1.00000000000
L1_Halo_09,L2_Lyapunov_02,2.00000000000,0.421044338489,0.813773933449,0.200000000000,0.00000000000,0.284257482801,-0.126859860712,0.0214431338524,-0.454298498002,0.205899650819,-0.0545592922389,0.312018507107,0.501755426342,0.421044338489,0.0241072939072,true,0.00000000000,1.81432673290e-15,7.00000000000,1.00000000000
L1_Halo_09,L2_Lyapunov_02,2.00000000000,0.742088676979,0.522393881815,0.00000000000,0.00000000000,0.177900414864,-0.148573325443,-0.0415553187046,-0.168330377165,0.153218667828,-0.174671690742,0.235477037426,0.286916844389,0.742088676979,0.0377321656573,true,0.00000000000,9.77308907208e-12,13.0000000000,1.00000000000
L1_Halo_09,L2_Lyapunov_02,2.00000000000,1.06313301547,0.565010916190,0.00000000000,0.200000000000,-0.0893042937964,0.319645768805,0.0118289905055,-0.110739083460,0.201019047779,0.0397109874737,0.332097274035,0.232913642154,1.06313301547,0.166488367309,true,0.00000000000,1.68488802978e-12,19.0000000000,1.00000000000
L1_Halo_09,L2_Lyapunov_02,2.00000000000,1.38417735396,0.513226187420,0.00000000000,0.400000000000,-0.0680214529624,0.380259763551,0.0279499415017,-0.0950710498075,0.0734188899327,0.0377778217092,0.387305570666,0.125920616753,1.38417735396,0.166488367309,true,0.00000000000,1.71836677957e-12,25.0000000000,1.00000000000
L1_Halo_09,L2_Lyapunov_02,2.00000000000,1.70522169245,0.486821817926,0.00000000000,0.400000000000,-0.126695113931,0.351828951472,0.0437287776481,-0.0119936496507,0.102030757183,0.0402266261380,0.376493650654,0.110328167272,1.70522169245,0.166488367309,true,0.00000000000,3.12360821170e-15,31.0000000000,1.00000000000
L1_Halo_09,L2_Lyapunov_02,2.00000000000,2.02626603094,0.510674587180,0.00000000000,0.600000000000,-0.0488501079745,0.362661550713,0.0965617980626,0.000522167910270,0.107286466334,0.0772616327043,0.378462566524,0.132212020656,2.02626603094,0.166488367309,true,0.00000000000,5.27205070141e-15,37.0000000000,1.00000000000
L1_Halo_09,L2_Lyapunov_02,2.00000000000,2.34731036942,0.521611233868,0.00000000000,0.600000000000,-0.110635905261,0.347026446836,0.127337902592,0.0259863532542,0.0933408742488,0.0950918862488,0.385853080554,0.135758153314,2.34731036942,0.166488367309,true,0.00000000000,2.19797522571e-13,43.0000000000,1.00000000000
L1_Halo_09,L2_Lyapunov_02,2.00000000000,2.66835470791,0.572693067566,0.400000000000,0.800000000000,0.224523022817,-0.187212401010,0.0893454643553,-0.259041081576,0.0481564725175,0.0432829029260,0.305682323447,0.267010744119,2.66835470791,0.0927552709491,true,0.00000000000,1.05329623368e-13,49.0000000000,1.00000000000
L1_Halo_09,L2_Lyapunov_02,2.00000000000,2.98939904640,0.719415319652,0.200000000000,0.600000000000,-0.229453095532,0.371061173921,0.288358072134,0.0578724992413,0.0684309135369,0.174823632199,0.522958407147,0.196456912505,2.98939904640,0.160979529057,true,0.00000000000,2.99381188821e-14,55.0000000000,1.00000000000
L1_Halo_09,L2_Lyapunov_03,2.00000000000,0.421044338489,0.836941722791,0.200000000000,0.00000000000,0.306199792135,-0.145869829251,0.0188523310361,-0.452011141702,0.201623150787,-0.0478512862748,0.339693582770,0.497248140021,0.421044338489,0.0262391898683,true,0.00000000000,6.98213249353e-16,7.00000000000,1.00000000000
L1_Halo_09,L2_Lyapunov_03,2.00000000000,0.742088676979,0.530917985900,0.00000000000,0.00000000000,0.196260447856,-0.159757164846,-0.0476532067811,-0.171472308026,0.148189137665,-0.152935326837,0.257509889575,0.273408096326,0.742088676979,0.0437050878375,true,0.00000000000,1.98281412674e-15,13.0000000000,1.00000000000
L1_Halo_09,L2_Lyapunov_03,2.00000000000,1.06313301547,0.597564210616,0.00000000000,0.200000000000,-0.0725064008650,0.323981127868,0.0125966838645,-0.123435478652,0.231396058774,0.0402431543508,0.332234293572,0.265329917043,1.06313301547,0.166488367309,true,0.00000000000,1.02736639334e-13,19.0000000000,1.00000000000
L1_Halo_09,L2_Lyapunov_03,2.00000000000,1.38417735396,0.520797733862,0.00000000000,0.400000000000,-0.0596526714373,0.377190481446,0.0289708866966,-0.0872709111680,0.0994479757064,0.0385848656464,0.382975733930,0.137821999932,1.38417735396,0.166488367309,true,0.00000000000,1.35359178036e-12,25.0000000000,1.00000000000
L1_Halo_09,L2_Lyapunov_03,2.00000000000,1.70522169245,0.504418990350,0.00000000000,0.400000000000,-0.119663480701,0.350848416771,0.0445724422378,-0.00520673043018,0.124381390798,0.0409582091237,0.373363981620,0.131055008730,1.70522169245,0.166488367309,true,0.00000000000,1.14596690285e-15,31.0000000000,1.00000000000
L1_Halo_09,L2_Lyapunov_03,2.00000000000,2.02626603094,0.508696167016,0.400000000000,0.800000000000,0.195921276656,-0.164255479659,0.127348925147,-0.208550825667,0.0640061185940,0.0465794247505,0.285626955977,0.223069211039,2.02626603094,0.0954488443142,true,0.00000000000,1.21877939522e-14,37.0000000000,1.00000000000
L1_Halo_09,L2_Lyapunov_03,2.00000000000,2.34731036942,0.534264087189,0.00000000000,0.600000000000,-0.116167606044,0.344687249514,0.125874475257,0.0375960378150,0.109604063140,0.0942490867261,0.384900761487,0.149363325702,2.34731036942,0.166488367309,true,0.00000000000,3.22731264736e-15,43.0000000000,1.00000000000
L1_Halo_09,L2_Lyapunov_03,2.00000000000,2.66835470791,0.592680193605,0.200000000000,0.600000000000,-0.199673449592,0.410606890746,0.116804380398,0.0674085506149,0.0876326759500,0.0501306383121,0.471286291420,0.121393902185,2.66835470791,0.160979529057,true,0.00000000000,5.24650826483e-15,49.0000000000,1.00000000000
L1_Halo_09,L2_Lyapunov_03,2.00000000000,2.98939904640,0.395178355461,0.800000000000,0.600000000000,-0.0751842257826,0.322600270946,-0.0158522596120,-0.0452244801119,0.0272253272728,0.0353921414965,0.331624632312,0.0635537231499,2.98939904640,0.00996201799538,true,0.00000000000,3.92700134039e-12,55.0000000000,1.00000000000
L1_Halo_09,L2_Lyapunov_04,2.00000000000,0.421044338489,0.872764729172,0.200000000000,0.00000000000,0.333123746260,-0.165865660736,0.0159794606434,-0.458672914241,0.195393290183,-0.0415893467772,0.372475758804,0.500288970369,0.421044338489,0.0278626745015,true,0.00000000000,2.40487470994e-15,7.00000000000,1.00000000000
L1_Halo_09,L2_Lyapunov_04,2.00000000000,0.742088676979,0.546550350633,0.00000000000,0.00000000000,0.216651051599,-0.169374180105,-0.0536351364353,-0.182558243670,0.141192617288,-0.133000632225,0.280182117391,0.266368233242,0.742088676979,0.0494522497210,true,0.00000000000,1.22177204604e-15,13.0000000000,1.00000000000
L1_Halo_09,L2_Lyapunov_04,2.00000000000,1.06313301547,0.581540499191,0.200000000000,0.400000000000,0.283862233942,-0.111208562035,0.0407097013047,-0.144813006171,-0.232374142343,-0.00940935228454,0.307575018343,0.273965480848,1.06313301547,0.0198405893348,true,0.00000000000,4.40525505180e-14,19.0000000000,1.00000000000
L1_Halo_09,L2_Lyapunov_04,2.00000000000,1.38417735396,0.260023376652,0.200000000000,0.00000000000,0.0156522784227,0.0107015153371,0.0777898576072,-0.0900096489446,0.134605564568,-0.0785097565270,0.0800673353926,0.179956041259,1.38417735396,0.0559623552241,true,0.00000000000,1.37338516881e-14,25.0000000000,1.00000000000
L1_Halo_09,L2_Lyapunov_04,2.00000000000,1.70522169245,0.526706832633,0.00000000000,0.400000000000,-0.112984871277,0.350432461995,0.0454031628829,-0.00130835935245,0.150028225477,0.0417022798896,0.370985092365,0.155721740268,1.70522169245,0.166488367309,true,0.00000000000,2.14078125937e-15,31.0000000000,1.00000000000
L1_Halo_09,L2_Lyapunov_04,2.00000000000,2.02626603094,0.513981232330,0.400000000000,0.800000000000,0.188239828300,-0.160091467865,0.114499386145,-0.231705076559,0.0514722667358,0.0452748935496,0.272348343981,0.241632888349,2.02626603094,0.0963720096264,true,0.00000000000,3.67593323132e-15,37.0000000000,1.00000000000
L1_Halo_09,L2_Lyapunov_04,2.00000000000,2.34731036942,0.552137864502,0.00000000000,0.600000000000,-0.121617221354,0.342540859319,0.124113446479,0.0495810714837,0.130946101185,0.0929148373773,0.384095217921,0.168042646581,2.34731036942,0.166488367309,true,0.00000000000,8.43787306828e-12,43.0000000000,1.00000000000
L1_Halo_09,L2_Lyapunov_04,2.00000000000,2.66835470791,0.615564781525,0.200000000000,0.600000000000,-0.204087160578,0.408101871268,0.117076739477,0.0800731503399,0.109272748419,0.0502681826844,0.471068646135,0.144496135390,2.66835470791,0.160979529057,true,0.00000000000,2.85518621208e-15,49.0000000000,1.00000000000
L1_Halo_09,L2_Lyapunov_04,2.00000000000,2.98939904640,0.400093052186,0.00000000000,0.600000000000,-0.00386977602049,0.294322069143,0.0238132387658,-0.0350005755692,0.0796663845016,0.0583770653395,0.295309203872,0.104783848314,2.98939904640,0.0251949966168,true,0.00000000000,1.10886402346e-13,55.0000000000,1.00000000000
L1_Halo_09,L2_Lyapunov_05,2.00000000000,0.421044338489,0.920728743475,0.200000000000,0.00000000000,0.364775320561,-0.186061008929,0.0129082110508,-0.474564585463,0.186160435430,-0.0359551228445,0.409690560602,0.511038182873,0.421044338489,0.0287526101692,true,0.00000000000,4.26530677583e-16,7.00000000000,1.00000000000
L1_Halo_09,L2_Lyapunov_05,2.00000000000,0.742088676979,0.569089552822,0.00000000000,0.00000000000,0.238710278672,-0.177130930764,-0.0593705132825,-0.200437358336,0.131335664607,-0.115389157402,0.303121793384,0.265967759438,0.742088676979,0.0539930198890,true,0.00000000000,1.16964630851e-15,13.0000000000,1.00000000000
L1_Halo_09,L2_Lyapunov_05,2.00000000000,1.06313301547,0.560341319052,0.200000000000,0.400000000000,0.262961994911,-0.115923423566,0.0419688393448,-0.149184181038,-0.224695691310,-0.0104369518217,0.290428363585,0.269912955467,1.06313301547,0.0242408164189,true,0.00000000000,1.70894303095e-14,19.0000000000,1.00000000000
L1_Halo_09,L2_Lyapunov_05,2.00000000000,1.38417735396,0.514303828609,0.400000000000,0.800000000000,0.171933555523,-0.120332224207,0.170851364458,-0.200439449850,0.118942327943,0.0711488821256,0.270612602135,0.243691226474,1.38417735396,0.0950807310438,true,0.00000000000,5.68110603908e-15,25.0000000000,1.00000000000
L1_Halo_09,L2_Lyapunov_05,2.00000000000,1.70522169245,0.553706344143,0.00000000000,0.400000000000,-0.106572775958,0.350473954105,0.0462327476835,0.00000810998593928,0.179526869043,0.0424665974211,0.369225156293,0.184481187850,1.70522169245,0.166488367309,true,0.00000000000,6.81149526492e-12,31.0000000000,1.00000000000
L1_Halo_09,L2_Lyapunov_05,2.00000000000,2.02626603094,0.562002125016,0.00000000000,0.600000000000,-0.0706850093265,0.356683129895,0.0883144063586,0.0335721222614,0.170348707191,0.0716056696082,0.374190673409,0.187811451607,2.02626603094,0.166488367309,true,0.00000000000,5.04357101560e-12,37.0000000000,1.00000000000
L1_Halo_09,L2_Lyapunov_05,2.00000000000,2.34731036942,0.558427422357,0.400000000000,0.800000000000,0.193962716253,-0.169035445676,0.0836804425538,-0.283477735257,0.0234297862764,0.0443308188327,0.270549318345,0.287878104012,2.34731036942,0.0965529237890,true,0.00000000000,4.95428834106e-15,43.0000000000,1.00000000000
L1_Halo_09,L2_Lyapunov_05,2.00000000000,2.66835470791,0.643544770418,0.200000000000,0.600000000000,-0.208431375794,0.405708577869,0.117182734747,0.0931453559827,0.136392217744,0.0501700273351,0.470929805698,0.172614964720,2.66835470791,0.160979529057,true,0.00000000000,3.42703552661e-15,49.0000000000,1.00000000000
L1_Halo_09,L2_Lyapunov_05,2.00000000000,2.98939904640,0.458344394685,0.800000000000,0.600000000000,-0.0764722359901,0.341687175919,-0.0285136144136,-0.0266564233508,0.0990452086067,0.0306291873409,0.351299238928,0.107045155757,2.98939904640,0.0190128094639,true,0.00000000000,8.09720382203e-14,55.0000000000,1.00000000000
L1_Halo_09,L2_Lyapunov_06,2.00000000000,0.421044338489,0.979222864052,0.200000000000,0.00000000000,0.400428052530,-0.205770123336,0.00973089819651,-0.498881218551,0.172925322289,-0.0310434132346,0.450309514990,0.528913349063,0.421044338489,0.0288714373899,true,0.00000000000,7.17494718878e-13,7.00000000000,1.00000000000
L1_Halo_09,L2_Lyapunov_06,2.00000000000,0.742088676979,0.766686075420,0.600000000000,0.800000000000,0.357179059769,-0.0720012735829,-0.0764264911745,-0.307845252201,0.240047771732,-0.0561629004833,0.372292993069,0.394393082352,0.742088676979,0.105221894193,true,0.00000000000,6.24754264643e-15,13.0000000000,1.00000000000
L1_Halo_09,L2_Lyapunov_06,2.00000000000,1.06313301547,0.544022698213,0.200000000000,0.400000000000,0.245437007174,-0.121246613973,0.0426568362056,-0.159685139118,-0.213642536889,-0.0113614855705,0.277055358305,0.266967339909,1.06313301547,0.0289053846252,true,0.00000000000,1.60485186981e-12,19.0000000000,1.00000000000
L1_Halo_09,L2_Lyapunov_06,2.00000000000,1.38417735396,0.416264377280,0.800000000000,0.00000000000,0.250998278070,-0.167119596751,-0.0666375238637,-0.0821592858966,0.0470067862707,-0.0508385274044,0.308819777214,0.107444600065,1.38417735396,0.0813674685480,true,0.00000000000,9.11519308754e-16,25.0000000000,1.00000000000
L1_Halo_09,L2_Lyapunov_06,2.00000000000,1.70522169245,0.545572257684,0.200000000000,0.800000000000,0.177567275020,-0.243266388765,0.0176370569642,-0.236553449798,0.0547343260523,-0.0228657872330,0.301694777614,0.243877480070,1.70522169245,0.0971830130640,true,0.00000000000,3.16745118363e-14,31.0000000000,1.00000000000
L1_Halo_09,L2_Lyapunov_06,2.00000000000,2.02626603094,0.573479220195,0.600000000000,0.800000000000,0.247516828861,-0.108646014906,0.0827549518119,-0.274884185791,0.0250532084797,0.0914659207644,0.282695806785,0.290783413410,2.02626603094,0.122869438761,true,0.00000000000,5.87046080551e-13,37.0000000000,1.00000000000
L1_Halo_09,L2_Lyapunov_06,2.00000000000,2.34731036942,0.605608027040,0.00000000000,0.600000000000,-0.132077433692,0.338559584265,0.120424833458,0.0744973801062,0.189884830069,0.0895427576882,0.382843546507,0.222764480533,2.34731036942,0.166488367309,true,0.00000000000,2.04521058837e-15,43.0000000000,1.00000000000
L1_Halo_09,L2_Lyapunov_06,2.00000000000,2.66835470791,0.671943245340,0.00000000000,0.600000000000,-0.168997060557,0.306495770846,0.221980007158,0.0909817956377,0.181625270481,0.158220185147,0.414457220472,0.257486024869,2.66835470791,0.166488367309,true,0.00000000000,5.01294537883e-15,49.0000000000,1.00000000000
L1_Halo_09,L2_Lyapunov_06,2.00000000000,2.98939904640,0.501598589548,0.800000000000,0.600000000000,-0.0768050680507,0.347970419550,-0.0330553520732,-0.0201152716865,0.139279327571,0.0292041986451,0.357875799211,0.143722790337,2.98939904640,0.0235338591666,true,0.00000000000,3.91339333310e-14,55.0000000000,1.00000000000
L1_Halo_09,L2_Lyapunov_07,2.00000000000,0.421044338489,1.04393770573,0.200000000000,0.00000000000,0.437847086382,-0.223974960136,0.00662733901691,-0.529044074486,0.155507451409,-0.0269813551498,0.491852391926,0.552085313804,0.421044338489,0.0283627445343,true,0.00000000000,1.42686522527e-13,7.00000000000,1.00000000000
L1_Halo_09,L2_Lyapunov_07,2.00000000000,0.742088676979,0.523388897548,0.200000000000,0.00000000000,0.192260505402,-0.139476040935,0.0314564823939,-0.256051188321,0.119606517208,-0.0258722096548,0.239597951196,0.283790946353,0.742088676979,0.0483649091901,true,0.00000000000,8.07948870108e-14,13.0000000000,1.00000000000
L1_Halo_09,L2_Lyapunov_07,2.00000000000,1.06313301547,0.484217601748,0.400000000000,0.400000000000,0.233683184073,-0.0161739133263,0.0509868953450,-0.152509836066,-0.189771117841,0.0224337029621,0.239727114628,0.244490487120,1.06313301547,0.0387963807356,true,0.00000000000,1.09585733368e-14,19.0000000000,1.00000000000
L1_Halo_09,L2_Lyapunov_07,2.00000000000,1.38417735396,0.539169797995,0.200000000000,0.800000000000,0.173106069983,-0.222046276839,0.0152804933954,-0.243155997303,0.0801212153203,-0.0247087560887,0.281964100555,0.257205697441,1.38417735396,0.0924765006444,true,0.00000000000,2.37622083705e-13,25.0000000000,1.00000000000
L1_Halo_09,L2_Lyapunov_07,2.00000000000,1.70522169245,0.478746361098,0.400000000000,0.800000000000,0.156913205498,-0.127761862941,0.0932046477161,-0.250660350491,0.0246219927211,0.0456151923148,0.222782301895,0.255964059204,1.70522169245,0.0981890553803,true,0.00000000000,3.00759699593e-15,31.0000000000,1.00000000000
L1_Halo_09,L2_Lyapunov_07,2.00000000000,2.02626603094,0.513806710237,0.400000000000,0.800000000000,0.166961826055,-0.145500498295,0.0774439632225,-0.275461036754,0.000967290498357,0.0454782816984,0.234615033200,0.279191677037,2.02626603094,0.0990417590993,true,0.00000000000,1.04897863756e-14,37.0000000000,1.00000000000
L1_Halo_09,L2_Lyapunov_07,2.00000000000,2.34731036942,0.670477671214,0.00000000000,0.400000000000,-0.183362084346,0.316093645202,0.111381301097,0.104416111080,0.258142666334,0.0752657314645,0.382024398105,0.288453273110,2.34731036942,0.166488367309,true,0.00000000000,6.29100624087e-13,43.0000000000,1.00000000000
L1_Halo_09,L2_Lyapunov_07,2.00000000000,2.66835470791,0.703948103667,0.00000000000,0.600000000000,-0.172679409943,0.304244296054,0.222876176546,0.104747049556,0.218266988225,0.158101017787,0.414797011045,0.289151092623,2.66835470791,0.166488367309,true,0.00000000000,4.52478344564e-15,49.0000000000,1.00000000000
L1_Halo_09,L2_Lyapunov_07,2.00000000000,2.98939904640,0.725692232810,0.800000000000,0.600000000000,-0.233634053496,0.359599137780,-0.163214114176,0.134725195588,0.215665316702,-0.0809139055122,0.458841212089,0.266851020721,2.98939904640,0.160979528693,true,0.00000000000,5.61999601838e-15,55.0000000000,1.00000000000
L1_Halo_09,L2_Lyapunov_08,2.00000000000,0.421044338489,1.20297639155,0.00000000000,0.00000000000,0.570365000586,-0.161826175371,-0.150591902060,-0.571035708553,0.108736750740,-0.108154981712,0.611704067254,0.591272324292,0.421044338489,0.0353670551240,true,0.00000000000,1.56027333582e-15,7.00000000000,1.00000000000
L1_Halo_09,L2_Lyapunov_08,2.00000000000,0.742088676979,0.560278610938,0.200000000000,0.00000000000,0.215512026466,-0.153007886344,0.0292903358133,-0.276200713503,0.0991890815487,-0.0228082876388,0.265922489848,0.294356121090,0.742088676979,0.0475859363032,true,0.00000000000,4.37511149499e-15,13.0000000000,1.00000000000
L1_Halo_09,L2_Lyapunov_08,2.00000000000,1.06313301547,0.331415183946,0.200000000000,0.200000000000,0.205457985152,-0.0915333577174,0.0528395089400,-0.0915670843290,0.0375924909191,-0.0166063073709,0.231048377927,0.100366806019,1.06313301547,0.0268462646999,true,0.00000000000,4.64278998362e-14,19.0000000000,1.00000000000
L1_Halo_09,L2_Lyapunov_08,2.00000000000,1.38417735396,0.524572553085,0.200000000000,0.800000000000,0.165146561561,-0.209298479694,0.0229833751444,-0.250903445639,0.0505077410572,-0.0230979543418,0.267595732273,0.256976820812,1.38417735396,0.0912012724323,true,0.00000000000,1.86404058022e-15,25.0000000000,1.00000000000
L1_Halo_09,L2_Lyapunov_08,2.00000000000,1.70522169245,0.532341358326,0.600000000000,0.800000000000,0.227146386672,-0.0880378453338,0.0594504131036,-0.268357455465,-0.000583788217728,0.0852765478503,0.250759834916,0.281581523410,1.70522169245,0.122317684280,true,0.00000000000,3.17462316361e-14,31.0000000000,1.00000000000
L1_Halo_09,L2_Lyapunov_08,2.00000000000,2.02626603094,0.579242316385,0.400000000000,0.600000000000,0.147623597434,-0.119478862187,0.0249967053208,-0.324899635619,-0.204475428097,0.0541535791684,0.191553544227,0.387688772158,2.02626603094,0.100670947519,true,0.00000000000,1.89186666981e-15,37.0000000000,1.00000000000
L1_Halo_09,L2_Lyapunov_08,2.00000000000,2.34731036942,0.678502892665,0.00000000000,0.600000000000,-0.141460418658,0.334270450542,0.117937552844,0.100114481225,0.265608807419,0.0868932495230,0.381650429744,0.296852462921,2.34731036942,0.166488367309,true,0.00000000000,1.73791886654e-12,43.0000000000,1.00000000000
L1_Halo_09,L2_Lyapunov_08,2.00000000000,2.66835470791,0.740806775494,0.00000000000,0.600000000000,-0.175958768436,0.301653889194,0.224757700119,0.118526686657,0.258256399621,0.158779407922,0.415298183018,0.325508592476,2.66835470791,0.166488367309,true,0.00000000000,7.22651442838e-12,49.0000000000,1.00000000000
L1_Halo_09,L2_Lyapunov_08,2.00000000000,2.98939904640,0.238700695534,0.200000000000,0.600000000000,0.106810345016,-0.0608531717906,0.0360209384084,-0.0922119988333,-0.0570712143884,0.0217441262719,0.128097877903,0.110602817631,2.98939904640,0.00694557535300,true,0.00000000000,6.76790672891e-13,55.0000000000,1.00000000000
L1_Halo_09,L2_Lyapunov_09,2.00000000000,0.421044338489,1.15769618327,0.600000000000,0.00000000000,0.521936763589,0.176687453254,0.204096297768,-0.523606086809,0.108165231654,0.197810926578,0.587615299397,0.570080883872,0.421044338489,0.0448663354423,true,0.00000000000,7.56343888832e-12,7.00000000000,1.00000000000
L1_Halo_09,L2_Lyapunov_09,2.00000000000,0.742088676979,0.598266424238,0.200000000000,0.00000000000,0.237735457594,-0.164020462035,0.0273666395094,-0.298134090949,0.0752086445264,-0.0203409186670,0.290120307324,0.308146116914,0.742088676979,0.0461792146577,true,0.00000000000,3.69758589273e-13,13.0000000000,1.00000000000
L1_Halo_09,L2_Lyapunov_09,2.00000000000,1.06313301547,0.342098238169,0.200000000000,0.200000000000,0.186203248813,-0.107987603133,0.0509640073124,-0.119289769496,-0.00966109253479,-0.0171034167751,0.221201949224,0.120896288946,1.06313301547,0.0368229476282,true,0.00000000000,6.11499947574e-15,19.0000000000,1.00000000000
L1_Halo_09,L2_Lyapunov_09,2.00000000000,1.38417735396,0.506159311325,0.200000000000,0.800000000000,0.157841165481,-0.196612176839,0.0298388021812,-0.250555537303,0.0192457775304,-0.0221568763746,0.253890794866,0.252268516459,1.38417735396,0.0894268406194,true,0.00000000000,1.71902517320e-13,25.0000000000,1.00000000000
L1_Halo_09,L2_Lyapunov_09,2.00000000000,1.70522169245,0.522224599614,0.600000000000,0.800000000000,0.224806954041,-0.0877832009794,0.0251792438736,-0.269341325370,-0.0307385174432,0.0683627805347,0.242647998717,0.279576600897,1.70522169245,0.122591071476,true,0.00000000000,1.72364495325e-15,31.0000000000,1.00000000000
L1_Halo_09,L2_Lyapunov_09,2.00000000000,2.02626603094,0.495194538428,0.00000000000,0.00000000000,0.226176705873,-0.0928084718603,0.00814040625097,-0.212175359395,0.125269527191,-0.0456092880637,0.244613125042,0.250581413386,2.02626603094,0.0182294675276,true,0.00000000000,1.47350439517e-13,37.0000000000,1.00000000000
L1_Halo_09,L2_Lyapunov_09,2.00000000000,2.34731036942,0.464764384510,0.400000000000,0.400000000000,0.201456516029,0.249304958524,-0.0508362834036,-0.109687399344,0.0194249870495,0.0851823593759,0.324533538953,0.140230845557,2.34731036942,0.00729123306847,true,0.00000000000,1.29295907763e-13,43.0000000000,1.00000000000
L1_Halo_09,L2_Lyapunov_09,2.00000000000,2.66835470791,0.230471520588,0.200000000000,0.00000000000,0.0531233354922,-0.0528732297966,0.0113808116076,-0.106053516839,0.103458652555,0.0443742652193,0.0758102240848,0.154661296503,2.66835470791,0.0397026079233,true,0.00000000000,7.32193777292e-15,49.0000000000,1.00000000000
L1_Halo_09,L2_Lyapunov_09,2.00000000000,2.98939904640,0.226194675290,0.200000000000,0.600000000000,0.0975725201318,-0.0738270065169,0.0327002433948,-0.0934312237522,-0.0255108552522,0.0230003950457,0.126649632823,0.0995450424671,2.98939904640,0.00724774913539,true,0.00000000000,4.28928740841e-13,55.0000000000,1.00000000000
L1_Halo_09,L2_Lyapunov_10,2.00000000000,0.421044338489,1.22201554315,0.600000000000,0.00000000000,0.558401473438,0.183550124028,0.210771896845,-0.564534832580,0.0738913476921,0.181479445672,0.624441867645,0.597573675509,0.421044338489,0.0439033341225,true,0.00000000000,1.97342071055e-15,7.00000000000,1.00000000000
L1_Halo_09,L2_Lyapunov_10,2.00000000000,0.742088676979,0.636436458900,0.200000000000,0.00000000000,0.258503178883,-0.173016175336,0.0256671957513,-0.320211053089,0.0480667487256,-0.0183656254952,0.312117438408,0.324319020493,0.742088676979,0.0445225341779,true,0.00000000000,1.10316551309e-13,13.0000000000,1.00000000000
L1_Halo_09,L2_Lyapunov_10,2.00000000000,1.06313301547,0.442689991873,0.400000000000,0.400000000000,0.195681104419,-0.0372247824409,0.0547583638501,-0.199831217426,-0.122733057849,0.0274235995988,0.206579905765,0.236110086108,1.06313301547,0.0541415405671,true,0.00000000000,8.84305019536e-15,19.0000000000,1.00000000000
L1_Halo_09,L2_Lyapunov_10,2.00000000000,1.38417735396,0.750769253180,0.00000000000,0.400000000000,-0.00389279049078,0.365426322453,0.0388273199820,-0.0559755815581,0.376181838813,0.0473950878077,0.367503893498,0.383265359682,1.38417735396,0.166488367309,true,0.00000000000,1.23630475188e-15,25.0000000000,1.00000000000
L1_Halo_09,L2_Lyapunov_10,2.00000000000,1.70522169245,0.481052392931,0.600000000000,0.400000000000,0.207126632006,-0.0576780121873,-0.0507950949604,-0.179848411368,-0.183423867681,0.0409381009036,0.220926088201,0.260126304729,1.70522169245,0.106084762126,true,0.00000000000,9.20392423833e-16,31.0000000000,1.00000000000
L1_Halo_09,L2_Lyapunov_10,2.00000000000,2.02626603094,0.362798697770,0.200000000000,0.600000000000,0.205228634528,-0.0804477720240,0.0113001623227,0.0342539030099,0.131486676888,0.0415166116987,0.220722291857,0.142076405914,2.02626603094,0.0239878304810,true,0.00000000000,9.81292397166e-14,37.0000000000,1.00000000000
L1_Halo_09,L2_Lyapunov_10,2.00000000000,2.34731036942,0.736914654679,0.00000000000,0.800000000000,0.277801684620,-0.317359131418,0.0102851057162,-0.292558429003,-0.0780646335820,-0.0869029615848,0.421896169302,0.315018485377,2.34731036942,0.122190836495,true,0.00000000000,6.77236356415e-15,43.0000000000,1.00000000000
L1_Halo_09,L2_Lyapunov_10,2.00000000000,2.66835470791,0.241292203139,0.200000000000,0.00000000000,0.0635620224023,-0.0627871911730,0.00784024773167,-0.112397372862,0.0919769262851,0.0434866513002,0.0896874102189,0.151604792920,2.66835470791,0.0313571033615,true,0.00000000000,2.04617688980e-14,49.0000000000,1.00000000000
L1_Halo_09,L2_Lyapunov_10,2.00000000000,2.98939904640,0.235568707010,0.200000000000,0.600000000000,0.0913639165137,-0.0876723994009,0.0285214751398,-0.102894755467,0.00424535120587,0.0241304231243,0.129797108603,0.105771598407,2.98939904640,0.00990717642614,true,0.00000000000,2.10153276974e-13,55.0000000000,1.00000000000
L1_Halo_10,L2_Lyapunov_01,2.00000000000,0.421044338489,0.648305557353,0.800000000000,0.00000000000,0.358631542760,0.0318706663305,-0.00928959531270,-0.270582209387,0.0947758381630,-0.0287742160207,0.360164711509,0.288140845844,0.421044338489,0.0304736012029,true,0.00000000000,8.23571437138e-15,7.00000000000,1.00000000000
L1_Halo_10,L2_Lyapunov_01,2.00000000000,0.742088676979,0.640057155448,0.200000000000,0.200000000000,-0.0772468442119,0.451935703805,0.00172072507588,-0.166768340760,0.0717870090102,0.000674297765171,0.458493092870,0.181564062578,0.742088676979,0.159950139737,true,0.00000000000,3.88578580688e-16,13.0000000000,1.00000000000
L1_Halo_10,L2_Lyapunov_01,2.00000000000,1.06313301547,0.508360523001,0.400000000000,0.00000000000,-0.0387391725931,0.194083990143,-0.000111370479416,-0.260262547712,0.169141396861,0.00571058027338,0.197912432976,0.310448090025,1.06313301547,0.0286379847287,true,0.00000000000,1.10746907412e-13,19.0000000000,1.00000000000
L1_Halo_10,L2_Lyapunov_01,2.00000000000,1.38417735396,0.520974107284,0.00000000000,0.400000000000,-0.0794515277818,0.396610618302,0.00105443814119,-0.104942355709,0.0505293655662,0.00141646333958,0.404491828912,0.116482278372,1.38417735396,0.164461570776,true,0.00000000000,4.41586066411e-12,25.0000000000,1.00000000000
L1_Halo_10,L2_Lyapunov_01,2.00000000000,1.70522169245,0.476518074485,0.00000000000,0.400000000000,-0.137060919281,0.366421307303,0.00166877199234,-0.0205567015542,0.0827701496195,0.00151432533863,0.391219957108,0.0852981173770,1.70522169245,0.164461570776,true,0.00000000000,4.22101244452e-12,31.0000000000,1.00000000000
L1_Halo_10,L2_Lyapunov_01,2.00000000000,2.02626603094,0.480751614599,0.400000000000,0.800000000000,0.231930758224,-0.189741444841,0.00632017311107,-0.160472121018,0.0837599790741,0.00211384132302,0.299722600230,0.181029014369,2.02626603094,0.0953761438470,true,0.00000000000,4.75196224102e-15,37.0000000000,1.00000000000
L1_Halo_10,L2_Lyapunov_01,2.00000000000,2.34731036942,0.533748468097,0.200000000000,0.600000000000,-0.130289834028,0.440363894575,0.00343795958186,0.0250539165887,0.0701527426876,0.00118026825141,0.459246796464,0.0745016716334,2.34731036942,0.159950139737,true,0.00000000000,4.74286392360e-14,43.0000000000,1.00000000000
L1_Halo_10,L2_Lyapunov_01,2.00000000000,2.66835470791,0.481911380907,0.00000000000,0.600000000000,-0.169499566283,0.358604026732,0.00983197459901,0.0457515285015,0.0714698543464,0.00696535783287,0.396766453576,0.0851449273313,2.66835470791,0.164461570776,true,0.00000000000,5.08345888651e-12,49.0000000000,1.00000000000
L1_Halo_10,L2_Lyapunov_01,2.00000000000,2.98939904640,0.557872565086,0.600000000000,0.600000000000,-0.130112827206,0.469943477551,-0.00397086678543,-0.0690483375392,-0.0126652943659,-0.00215481265531,0.487639198259,0.0702333668272,2.98939904640,0.00697404852405,true,0.00000000000,9.07341099337e-13,55.0000000000,1.00000000000
L1_Halo_10,L2_Lyapunov_02,2.00000000000,0.421044338489,0.694198352227,0.800000000000,0.00000000000,0.381750674264,0.0289494478528,-0.00964140353304,-0.295193394880,0.0952918634484,-0.0253881603598,0.382968150757,0.311230201470,0.421044338489,0.0344202316752,true,0.00000000000,2.84873601340e-12,7.00000000000,1.00000000000
L1_Halo_10,L2_Lyapunov_02,2.00000000000,0.742088676979,0.661364175326,0.200000000000,0.200000000000,-0.0471676925579,0.447857028762,0.00173044798330,-0.181489941240,0.107672053392,0.000680317786061,0.450337322330,0.211026852996,0.742088676979,0.159950139737,true,0.00000000000,6.62158259004e-15,13.0000000000,1.00000000000
L1_Halo_10,L2_Lyapunov_02,2.00000000000,1.06313301547,0.573749574589,0.00000000000,0.200000000000,-0.0916264086814,0.331323595881,0.000471023235895,-0.110526362827,0.201684948875,0.00151770848682,0.343760011953,0.229989562636,1.06313301547,0.164461570776,true,0.00000000000,2.13159630652e-12,19.0000000000,1.00000000000
L1_Halo_10,L2_Lyapunov_02,2.00000000000,1.38417735396,0.297595927103,0.600000000000,0.00000000000,0.171778161168,-0.0920281764454,-0.000361921479057,0.0619557005350,0.0817261903474,0.00578747536228,0.194877019941,0.102718907162,1.38417735396,0.0415790618230,true,0.00000000000,4.18599236935e-14,25.0000000000,1.00000000000
L1_Halo_10,L2_Lyapunov_02,2.00000000000,1.70522169245,0.471472895576,0.400000000000,0.800000000000,0.219540573308,-0.181486210805,0.00819809531818,-0.151052866811,0.109367829041,0.00292631256255,0.284960553073,0.186512342503,1.70522169245,0.0966471076525,true,0.00000000000,1.60263340754e-15,31.0000000000,1.00000000000
L1_Halo_10,L2_Lyapunov_02,2.00000000000,2.02626603094,0.497391860501,0.00000000000,0.600000000000,-0.0573544232168,0.382943472269,0.00385210231720,0.00632206012951,0.109934492053,0.00303668839680,0.387233871850,0.110157988651,2.02626603094,0.164461570776,true,0.00000000000,2.35667146909e-15,37.0000000000,1.00000000000
L1_Halo_10,L2_Lyapunov_02,2.00000000000,2.34731036942,0.548140624451,0.200000000000,0.600000000000,-0.136466702671,0.437584329960,0.00343116963572,0.0362180908308,0.0821175034456,0.00118139423138,0.458383005455,0.0897576189964,2.34731036942,0.159950139737,true,0.00000000000,5.08351961683e-15,43.0000000000,1.00000000000
L1_Halo_10,L2_Lyapunov_02,2.00000000000,2.66835470791,0.550258613233,0.800000000000,0.600000000000,-0.192040368463,0.403452430051,0.0136269688602,0.0507882714005,0.0892185112771,0.0107706638046,0.447033623695,0.103224989538,2.66835470791,0.159950139404,true,0.00000000000,9.19193942380e-16,49.0000000000,1.00000000000
L1_Halo_10,L2_Lyapunov_02,2.00000000000,2.98939904640,0.388468856960,0.800000000000,0.600000000000,-0.0730980529280,0.324565307507,-0.000448726711170,-0.0557553288316,0.000377631490664,0.00137472630807,0.332695304347,0.0557735526131,2.98939904640,0.00676988419703,true,0.00000000000,2.80452262689e-12,55.0000000000,1.00000000000
L1_Halo_10,L2_Lyapunov_03,2.00000000000,0.421044338489,0.640240088690,0.600000000000,0.00000000000,0.330113779422,0.0876682731529,0.00632220516126,-0.276280909563,0.111965880303,0.0175911385878,0.341614993465,0.298625095225,0.421044338489,0.0394148588381,true,0.00000000000,4.68611048783e-14,7.00000000000,1.00000000000
L1_Halo_10,L2_Lyapunov_03,2.00000000000,0.742088676979,0.693128428158,0.200000000000,0.200000000000,-0.0162149591810,0.445542010932,0.00174158843056,-0.199429471037,0.146214888264,0.000687679313108,0.445840376746,0.247288051411,0.742088676979,0.159950139737,true,0.00000000000,1.30319156760e-12,13.0000000000,1.00000000000
L1_Halo_10,L2_Lyapunov_03,2.00000000000,1.06313301547,0.590774372573,0.400000000000,0.800000000000,0.235601417384,-0.187353007326,-0.0147678082201,-0.147618025111,0.248756860608,-0.00897663295270,0.301375621753,0.289398750820,1.06313301547,0.0942733611557,true,0.00000000000,2.27469060697e-13,19.0000000000,1.00000000000
L1_Halo_10,L2_Lyapunov_03,2.00000000000,1.38417735396,0.492140689570,0.400000000000,0.800000000000,0.212719253140,-0.172717257814,0.0138006845619,-0.154762582744,0.153117833500,0.00580190824816,0.274355956192,0.217784733378,1.38417735396,0.0966489604284,true,0.00000000000,1.27278681683e-12,25.0000000000,1.00000000000
L1_Halo_10,L2_Lyapunov_03,2.00000000000,1.70522169245,0.474649341068,0.400000000000,0.800000000000,0.209187974060,-0.172653389540,0.00692771879546,-0.179391952300,0.0956717893004,0.00256305688817,0.271324150600,0.203325190468,1.70522169245,0.0974200449681,true,0.00000000000,4.59646320137e-15,31.0000000000,1.00000000000
L1_Halo_10,L2_Lyapunov_03,2.00000000000,2.02626603094,0.499423839340,0.400000000000,0.800000000000,0.213771183942,-0.177534444784,0.00509852723086,-0.212473698080,0.0625524112674,0.00190529518048,0.277925517268,0.221498322072,2.02626603094,0.0972391042882,true,0.00000000000,1.41075331659e-14,37.0000000000,1.00000000000
L1_Halo_10,L2_Lyapunov_03,2.00000000000,2.34731036942,0.567076729497,0.200000000000,0.600000000000,-0.142532044790,0.434916817818,0.00341985033768,0.0477897373552,0.0983885911758,0.00117590113177,0.457689542800,0.109387186697,2.34731036942,0.159950139737,true,0.00000000000,3.15633704972e-15,43.0000000000,1.00000000000
L1_Halo_10,L2_Lyapunov_03,2.00000000000,2.66835470791,0.516904679121,0.00000000000,0.600000000000,-0.176962933413,0.353249560847,0.0100419288100,0.0689076243830,0.100033996841,0.00715108993051,0.395223952178,0.121680726943,2.66835470791,0.164461570776,true,0.00000000000,3.30157679407e-15,49.0000000000,1.00000000000
L1_Halo_10,L2_Lyapunov_03,2.00000000000,2.98939904640,0.400919214872,0.800000000000,0.600000000000,-0.0735859208228,0.338367307481,-0.000773089427158,-0.0432854180213,0.0333252265214,0.00124432656689,0.346277230240,0.0546419846326,2.98939904640,0.0110855216833,true,0.00000000000,7.52796757437e-13,55.0000000000,1.00000000000
L1_Halo_10,L2_Lyapunov_04,2.00000000000,0.421044338489,0.702338231447,0.600000000000,0.00000000000,0.363623771377,0.0844705850962,0.00676692465277,-0.310135101117,0.108630439377,0.0154066256176,0.373367537590,0.328970693857,0.421044338489,0.0427687770118,true,0.00000000000,4.36855054914e-13,7.00000000000,1.00000000000
L1_Halo_10,L2_Lyapunov_04,2.00000000000,0.742088676979,0.491284839763,0.00000000000,0.00000000000,0.221522361302,-0.167366298540,-0.00214539888896,-0.175631648008,0.121518536451,-0.00525388068292,0.277647685350,0.213637154412,0.742088676979,0.0501139767863,true,0.00000000000,1.70685452960e-15,13.0000000000,1.00000000000
L1_Halo_10,L2_Lyapunov_04,2.00000000000,1.06313301547,0.580881702934,0.400000000000,0.800000000000,0.226855924392,-0.162622943547,-0.0754131207201,-0.180685396893,0.224945305002,-0.0432508013561,0.289131407800,0.291750295134,1.06313301547,0.0935185798214,true,0.00000000000,1.13754525521e-15,19.0000000000,1.00000000000
L1_Halo_10,L2_Lyapunov_04,2.00000000000,1.38417735396,0.366613410509,0.800000000000,0.00000000000,0.239751377317,-0.175077939490,-0.00255228092054,-0.0165002340762,0.0677028969015,-0.00252758849353,0.296883010560,0.0697303999488,1.38417735396,0.0598367206698,true,0.00000000000,2.92613611393e-15,25.0000000000,1.00000000000
L1_Halo_10,L2_Lyapunov_04,2.00000000000,1.70522169245,0.388158456175,0.800000000000,0.00000000000,0.265904142227,-0.204596287966,-0.00224653415470,-0.0209794790655,0.0482209478365,-0.00245591720691,0.335514084382,0.0526443717926,1.70522169245,0.0598093684931,true,0.00000000000,2.63164498873e-15,31.0000000000,1.00000000000
L1_Halo_10,L2_Lyapunov_04,2.00000000000,2.02626603094,0.556837392205,0.00000000000,0.400000000000,-0.162791022319,0.345748054790,0.00263616169007,0.0624719543752,0.163107911870,0.00193358437689,0.382164341203,0.174673051002,2.02626603094,0.164461570776,true,0.00000000000,3.15633516353e-15,37.0000000000,1.00000000000
L1_Halo_10,L2_Lyapunov_04,2.00000000000,2.34731036942,0.359437967572,0.600000000000,0.00000000000,0.106472135252,0.186054778260,-0.00915160788259,-0.0683659266471,0.126722841752,0.0160231113901,0.214561058968,0.144876908604,2.34731036942,0.00419503092136,false,0.00000000000,1.92588378476e-12,43.0000000000,1.00000000000
L1_Halo_10,L2_Lyapunov_04,2.00000000000,2.66835470791,0.541022540547,0.00000000000,0.600000000000,-0.180676045628,0.350758766615,0.0100594132148,0.0811793909361,0.121545214810,0.00715275731767,0.394685618708,0.146336921838,2.66835470791,0.164461570776,true,0.00000000000,1.39354899461e-12,49.0000000000,1.00000000000
L1_Halo_10,L2_Lyapunov_04,2.00000000000,2.98939904640,0.397911311472,0.400000000000,0.600000000000,0.197554523511,0.0217846678298,0.00308158578224,-0.141592774339,-0.140013290007,-0.00163637333780,0.198775898144,0.199135413328,2.98939904640,0.00595828162501,true,0.00000000000,5.37930136024e-12,55.0000000000,1.00000000000
L1_Halo_10,L2_Lyapunov_05,2.00000000000,0.421044338489,0.773781256885,0.600000000000,0.00000000000,0.401230058551,0.0830286836184,0.00720312118627,-0.349242750066,0.101659626842,0.0134710702278,0.409794103353,0.363987153532,0.421044338489,0.0450726271464,true,0.00000000000,5.13856809719e-13,7.00000000000,1.00000000000
L1_Halo_10,L2_Lyapunov_05,2.00000000000,0.742088676979,0.449278026763,0.200000000000,0.00000000000,0.151549728589,-0.102178590962,0.00139369715318,-0.224054124136,0.144282598616,-0.00131597301451,0.182783278989,0.266494747773,0.742088676979,0.0471190747636,true,0.00000000000,6.29583306620e-14,13.0000000000,1.00000000000
L1_Halo_10,L2_Lyapunov_05,2.00000000000,1.06313301547,0.378758035299,0.800000000000,0.00000000000,0.237434238921,-0.129318441031,-0.00296837891509,-0.0770170000881,0.0762062443131,-0.00246770471273,0.270383224842,0.108374810456,1.06313301547,0.0689766595431,true,0.00000000000,2.56797178002e-13,19.0000000000,1.00000000000
L1_Halo_10,L2_Lyapunov_05,2.00000000000,1.38417735396,0.374046175174,0.800000000000,0.00000000000,0.244100244995,-0.170884102366,-0.00253703652223,-0.0491044219018,0.0580513032098,-0.00216700491712,0.297981111150,0.0760650640240,1.38417735396,0.0707460765460,true,0.00000000000,2.78859699983e-15,25.0000000000,1.00000000000
L1_Halo_10,L2_Lyapunov_05,2.00000000000,1.70522169245,0.552066593425,0.200000000000,0.800000000000,0.195606579377,-0.252096453768,0.000384612549793,-0.221221656712,0.0730817299301,-0.000922872187694,0.319084164171,0.232982429254,1.70522169245,0.0981272547064,true,0.00000000000,1.37216510220e-14,31.0000000000,1.00000000000
L1_Halo_10,L2_Lyapunov_05,2.00000000000,2.02626603094,0.507855059331,0.200000000000,0.400000000000,0.388519022038,-0.0196377605701,0.00175676392453,0.0159979945576,0.117752486272,-0.000657632714205,0.389018969132,0.118836090199,2.02626603094,0.00356383678705,false,0.00000000000,2.85546151704e-12,37.0000000000,1.00000000000
L1_Halo_10,L2_Lyapunov_05,2.00000000000,2.34731036942,0.611850308568,0.00000000000,0.400000000000,-0.197030309550,0.332007853576,0.00440108657763,0.112632487440,0.195629466186,0.00289652394393,0.386095230845,0.225755077724,2.34731036942,0.164461570776,true,0.00000000000,5.29384520771e-13,43.0000000000,1.00000000000
L1_Halo_10,L2_Lyapunov_05,2.00000000000,2.66835470791,0.570081796228,0.00000000000,0.600000000000,-0.184334358075,0.348385356338,0.0100420707476,0.0938418575861,0.148496869838,0.00711354009826,0.394274466917,0.175807329312,2.66835470791,0.164461570776,true,0.00000000000,4.40547575984e-15,49.0000000000,1.00000000000
L1_Halo_10,L2_Lyapunov_05,2.00000000000,2.98939904640,0.435113714901,0.00000000000,0.600000000000,-0.00683159182437,0.314320260672,0.000667222484048,-0.0249791100970,0.118084859807,0.00222927352871,0.314395200507,0.120718514394,2.98939904640,0.0306204784403,true,0.00000000000,7.94975546071e-14,55.0000000000,1.00000000000
L1_Halo_10,L2_Lyapunov_06,2.00000000000,0.421044338489,0.852953442393,0.600000000000,0.00000000000,0.442060791610,0.0835424079111,0.00761838857434,-0.392589062921,0.0902558427806,0.0118060293325,0.449950127506,0.403003314887,0.421044338489,0.0462476162045,true,0.00000000000,4.76170988442e-15,7.00000000000,1.00000000000
L1_Halo_10,L2_Lyapunov_06,2.00000000000,0.742088676979,0.482348497853,0.200000000000,0.00000000000,0.175451679397,-0.121133930624,0.00129377530049,-0.234730007659,0.131666973011,-0.00114048786216,0.213209743694,0.269138754158,0.742088676979,0.0492372334661,true,0.00000000000,3.03802842195e-14,13.0000000000,1.00000000000
L1_Halo_10,L2_Lyapunov_06,2.00000000000,1.06313301547,0.404724410162,0.800000000000,0.00000000000,0.249435109234,-0.125143896434,-0.00298609069109,-0.108104010574,0.0639888786892,-0.00212160048082,0.279083831977,0.125640578185,1.06313301547,0.0775473345925,true,0.00000000000,1.77720437291e-15,19.0000000000,1.00000000000
L1_Halo_10,L2_Lyapunov_06,2.00000000000,1.38417735396,0.474097547381,0.600000000000,0.400000000000,0.258083681927,0.0241287827594,-0.00134479181832,-0.0886060183600,-0.195763815967,0.00101225264261,0.259212641473,0.214884905908,1.38417735396,0.0611060477990,true,0.00000000000,8.38070081874e-14,25.0000000000,1.00000000000
L1_Halo_10,L2_Lyapunov_06,2.00000000000,1.70522169245,0.435636272136,0.400000000000,0.00000000000,0.108694730421,0.0537243799710,0.000923712513845,-0.228483222801,0.215939544446,0.00197087247756,0.121250594511,0.314385677625,1.70522169245,0.0278469188301,true,0.00000000000,2.22925417223e-12,31.0000000000,1.00000000000
L1_Halo_10,L2_Lyapunov_06,2.00000000000,2.02626603094,0.535459314149,0.200000000000,0.400000000000,0.384651627022,-0.0208324890694,0.00181020403806,0.0169274225087,0.149281278427,-0.000729839193385,0.385219604395,0.150239709754,2.02626603094,0.00244806095513,false,0.00000000000,9.64439635922e-12,37.0000000000,1.00000000000
L1_Halo_10,L2_Lyapunov_06,2.00000000000,2.34731036942,0.346394364068,0.00000000000,0.00000000000,0.146392375677,-0.139137578576,0.00712871822814,-0.0766421459115,0.121721520642,-0.0115449281370,0.202091098398,0.144303265670,2.34731036942,0.0319609482384,true,0.00000000000,2.84375117534e-12,43.0000000000,1.00000000000
L1_Halo_10,L2_Lyapunov_06,2.00000000000,2.66835470791,0.604207108372,0.00000000000,0.600000000000,-0.187911892894,0.346065885097,0.0100241560210,0.106968341921,0.180910308950,0.00706436790707,0.393919991906,0.210287116466,2.66835470791,0.164461570776,true,0.00000000000,1.38778095471e-15,49.0000000000,1.00000000000
L1_Halo_10,L2_Lyapunov_06,2.00000000000,2.98939904640,0.511170378700,0.800000000000,0.600000000000,-0.0740354541077,0.360006428636,-0.00134319695975,-0.0197232253897,0.142263004605,0.00106038340244,0.367542761189,0.143627617512,2.98939904640,0.0248309248346,true,0.00000000000,5.87909429575e-14,55.0000000000,1.00000000000
L1_Halo_10,L2_Lyapunov_07,2.00000000000,0.421044338489,1.03931936670,0.200000000000,0.00000000000,0.445731190317,-0.211485375128,0.000268968959454,-0.525030260748,0.149718280451,-0.00106214185648,0.493358318323,0.545961048379,0.421044338489,0.0292306605978,true,0.00000000000,5.33994907977e-15,7.00000000000,1.00000000000
L1_Halo_10,L2_Lyapunov_07,2.00000000000,0.742088676979,0.518890403000,0.200000000000,0.00000000000,0.199375146328,-0.136455226370,0.00120451343814,-0.252116635445,0.115432262162,-0.000995884783010,0.241602832412,0.277287570588,0.742088676979,0.0495898628163,true,0.00000000000,4.69561165168e-12,13.0000000000,1.00000000000
L1_Halo_10,L2_Lyapunov_07,2.00000000000,1.06313301547,0.491600294999,0.400000000000,0.400000000000,0.242876476331,-0.0206113941172,0.00198066655626,-0.153528602962,-0.194561676144,0.000869740216917,0.243757533960,0.247842761039,1.06313301547,0.0397195416528,true,0.00000000000,1.13757034922e-14,19.0000000000,1.00000000000
L1_Halo_10,L2_Lyapunov_07,2.00000000000,1.38417735396,0.467590545116,0.400000000000,0.800000000000,0.175114161418,-0.125260164104,0.00464706128871,-0.244244636242,0.0629601269724,0.00215447102152,0.215352440012,0.252238105104,1.38417735396,0.0961717603592,true,0.00000000000,1.90636321160e-13,25.0000000000,1.00000000000
L1_Halo_10,L2_Lyapunov_07,2.00000000000,1.70522169245,0.444506684864,0.600000000000,0.400000000000,0.205589190294,-0.0371470104518,-0.00269114379002,-0.0992847320534,-0.213621192767,0.00151479593865,0.208935535049,0.235571149815,1.70522169245,0.0878261794123,true,0.00000000000,6.67112037026e-14,31.0000000000,1.00000000000
L1_Halo_10,L2_Lyapunov_07,2.00000000000,2.02626603094,0.515292183432,0.400000000000,0.800000000000,0.180731697989,-0.152951330141,0.00303485636971,-0.278499796717,-0.000862538059969,0.00179370139266,0.236785274886,0.278506908546,2.02626603094,0.100637054932,true,0.00000000000,5.31327223915e-12,37.0000000000,1.00000000000
L1_Halo_10,L2_Lyapunov_07,2.00000000000,2.34731036942,0.632055317487,0.200000000000,0.800000000000,0.199233460027,-0.264261943472,0.00144103033779,-0.300929690117,-0.0101188756902,-0.00102423956967,0.330953807850,0.301101509638,2.34731036942,0.0999801353625,true,0.00000000000,1.03131760979e-14,43.0000000000,1.00000000000
L1_Halo_10,L2_Lyapunov_07,2.00000000000,2.66835470791,0.207624990420,0.200000000000,0.00000000000,0.0478643761982,-0.0493314701300,0.000596985668416,-0.0756897846733,0.116433451370,0.00195725808813,0.0687382633321,0.138886727088,2.66835470791,0.0512479428254,true,0.00000000000,7.82045888161e-13,49.0000000000,1.00000000000
L1_Halo_10,L2_Lyapunov_07,2.00000000000,2.98939904640,0.557321027248,0.800000000000,0.600000000000,-0.0740277245862,0.364738748664,-0.00147819422499,-0.0147296889063,0.184553056014,0.00102795806597,0.372178242033,0.185142785215,2.98939904640,0.0291916678449,true,0.00000000000,1.04695612712e-12,55.0000000000,1.00000000000
L1_Halo_10,L2_Lyapunov_08,2.00000000000,0.421044338489,1.01827819631,0.600000000000,0.00000000000,0.525047974003,0.0896691776499,0.00832814254608,-0.482445526630,0.0541361348468,0.00933751809354,0.532715021737,0.485563174577,0.421044338489,0.0460576668300,true,0.00000000000,2.98398999075e-12,7.00000000000,1.00000000000
L1_Halo_10,L2_Lyapunov_08,2.00000000000,0.742088676979,0.557338268071,0.200000000000,0.00000000000,0.222805710393,-0.148862838619,0.00112471982539,-0.273219676623,0.0953346100527,-0.000878204721609,0.267962300147,0.289375967923,0.742088676979,0.0487762825147,true,0.00000000000,3.64468453380e-13,13.0000000000,1.00000000000
L1_Halo_10,L2_Lyapunov_08,2.00000000000,1.06313301547,0.325768723423,0.200000000000,0.200000000000,0.211732505111,-0.0896076683246,0.00201365091347,-0.0893059439931,0.0347939003876,-0.000615326990203,0.229922253671,0.0958464697524,1.06313301547,0.0280820492249,true,0.00000000000,2.63517606376e-12,19.0000000000,1.00000000000
L1_Halo_10,L2_Lyapunov_08,2.00000000000,1.38417735396,0.336641305533,0.600000000000,0.00000000000,0.199710803269,-0.0689777399983,-0.000507088145775,-0.124814914804,0.0113397802095,0.00247273014451,0.211287933153,0.125353372380,1.38417735396,0.0989724418544,true,0.00000000000,2.77416431433e-15,25.0000000000,1.00000000000
L1_Halo_10,L2_Lyapunov_08,2.00000000000,1.70522169245,0.462740350692,0.600000000000,0.400000000000,0.337649811357,0.117609420298,-0.00143172083395,-0.00811202376625,0.104871295932,0.00117788390915,0.357549186374,0.105191164318,1.70522169245,0.0297132577435,true,0.00000000000,1.29629506538e-13,31.0000000000,1.00000000000
L1_Halo_10,L2_Lyapunov_08,2.00000000000,2.02626603094,0.510208239369,0.400000000000,0.800000000000,0.173450709001,-0.147161790931,0.00252298373897,-0.281700083320,-0.0239925944349,0.00186745048086,0.227482101735,0.282726137634,2.02626603094,0.101397713127,true,0.00000000000,1.40526553776e-14,37.0000000000,1.00000000000
L1_Halo_10,L2_Lyapunov_08,2.00000000000,2.34731036942,0.268454994234,0.200000000000,0.00000000000,0.0552170216378,-0.0340916156657,-0.00744010960530,-0.137656489905,0.149008114907,0.0105682294363,0.0653185499547,0.203136444280,2.34731036942,0.0333477580466,true,0.00000000000,3.04755168118e-12,43.0000000000,1.00000000000
L1_Halo_10,L2_Lyapunov_08,2.00000000000,2.66835470791,0.227438442192,0.200000000000,0.00000000000,0.0616881087757,-0.0675311448577,0.000312536518404,-0.0888387586771,0.102918564674,0.00200701399271,0.0914657092532,0.135972732939,2.66835470791,0.0514214808897,true,0.00000000000,1.35949104379e-14,49.0000000000,1.00000000000
L1_Halo_10,L2_Lyapunov_08,2.00000000000,2.98939904640,0.552648167718,0.200000000000,0.00000000000,0.112639729300,-0.156968177413,0.000233598785028,-0.245412253781,0.262627121349,0.00134777527114,0.193201376562,0.359446791156,2.98939904640,0.00806784957526,true,0.00000000000,5.75750405564e-14,55.0000000000,1.00000000000
L1_Halo_10,L2_Lyapunov_09,2.00000000000,0.421044338489,1.09957871846,0.600000000000,0.00000000000,0.564756881467,0.0944651712677,0.00862138465076,-0.525991822590,0.0299396028081,0.00845042682335,0.572667732651,0.526910985804,0.421044338489,0.0452857577113,true,0.00000000000,6.29992392785e-16,7.00000000000,1.00000000000
L1_Halo_10,L2_Lyapunov_09,2.00000000000,0.742088676979,0.596526504577,0.200000000000,0.00000000000,0.245185613759,-0.158910630462,0.00105375929901,-0.295803450580,0.0715957104140,-0.000783523498582,0.292180909843,0.304345594733,0.742088676979,0.0473398041586,true,0.00000000000,3.16808219856e-15,13.0000000000,1.00000000000
L1_Halo_10,L2_Lyapunov_09,2.00000000000,1.06313301547,0.327001054065,0.400000000000,0.00000000000,0.150479292036,-0.0541618007622,0.00224969006683,-0.163185990795,0.0357071914881,0.00169416136214,0.159945550419,0.167055503646,1.06313301547,0.0755981224485,true,0.00000000000,1.08379238829e-12,19.0000000000,1.00000000000
L1_Halo_10,L2_Lyapunov_09,2.00000000000,1.38417735396,0.473841798449,0.600000000000,0.400000000000,0.228487779444,-0.0210864118788,-0.00115993709842,-0.158274807851,-0.186196580801,0.00125569899876,0.229461647286,0.244380151162,1.38417735396,0.0844379699182,true,0.00000000000,6.64738376693e-15,25.0000000000,1.00000000000
L1_Halo_10,L2_Lyapunov_09,2.00000000000,1.70522169245,0.454734353388,0.400000000000,0.800000000000,0.156557326783,-0.120937914665,0.00255612926300,-0.255194680174,-0.0294031119869,0.00178521561005,0.197845165647,0.256889187741,1.70522169245,0.100528326539,true,0.00000000000,2.66348809677e-15,31.0000000000,1.00000000000
L1_Halo_10,L2_Lyapunov_09,2.00000000000,2.02626603094,0.467868671248,0.00000000000,0.00000000000,0.220698552399,-0.0915726699163,0.000422066932880,-0.198083244389,0.114746028734,-0.00187270851002,0.238942635474,0.228926035774,2.02626603094,0.0198270984936,true,0.00000000000,3.39953994092e-13,37.0000000000,1.00000000000
L1_Halo_10,L2_Lyapunov_09,2.00000000000,2.34731036942,0.336932385618,0.200000000000,0.00000000000,0.0874596096908,-0.0711731174419,0.0132573053236,-0.156413332861,0.159083342091,-0.0115347824845,0.113536567317,0.223395818301,2.34731036942,0.0203498343169,true,0.00000000000,3.76335418699e-14,43.0000000000,1.00000000000
L1_Halo_10,L2_Lyapunov_09,2.00000000000,2.66835470791,0.239311162134,0.200000000000,0.00000000000,0.0703152942327,-0.0760498883859,0.000135415802952,-0.101789364286,0.0897734022220,0.00197069054789,0.103575308177,0.135735853957,2.66835470791,0.0435120141860,true,0.00000000000,6.17950897261e-15,49.0000000000,1.00000000000
L1_Halo_10,L2_Lyapunov_09,2.00000000000,2.98939904640,0.242128186692,0.200000000000,0.600000000000,0.109849273303,-0.0871091675422,0.00112654199671,-0.0996825130745,-0.0212563458887,0.000920654870768,0.140200353109,0.101927833582,2.98939904640,0.00792635458430,true,0.00000000000,7.01555717336e-13,55.0000000000,1.00000000000
L1_Halo_10,L2_Lyapunov_10,2.00000000000,0.421044338489,1.17725084360,0.600000000000,0.00000000000,0.601926322154,0.0998174836799,0.00887557712317,-0.566981914051,0.00237246900732,0.00774182628434,0.610211113648,0.567039729952,0.421044338489,0.0443518447949,true,0.00000000000,1.43357561708e-15,7.00000000000,1.00000000000
L1_Halo_10,L2_Lyapunov_10,2.00000000000,0.742088676979,0.635643349995,0.200000000000,0.00000000000,0.266091959483,-0.167073065033,0.000991002306260,-0.318331270255,0.0446419099277,-0.000707763461961,0.314196311319,0.321447038676,0.742088676979,0.0456582383151,true,0.00000000000,5.03778221368e-13,13.0000000000,1.00000000000
L1_Halo_10,L2_Lyapunov_10,2.00000000000,1.06313301547,0.427044219100,0.600000000000,0.200000000000,0.260186197024,0.0116784478104,-0.000448406635390,-0.148110234639,-0.0762616557025,0.00127947620227,0.260448544502,0.166595674597,1.06313301547,0.0682118352913,true,0.00000000000,1.22152214372e-12,19.0000000000,1.00000000000
L1_Halo_10,L2_Lyapunov_10,2.00000000000,1.38417735396,0.365151365185,0.400000000000,0.400000000000,0.150812719653,-0.0515286096816,0.00100323545664,-0.155642357906,-0.134598298517,0.00151415114380,0.159375909428,0.205775455756,1.38417735396,0.0739262885978,true,0.00000000000,1.08247853591e-15,25.0000000000,1.00000000000
L1_Halo_10,L2_Lyapunov_10,2.00000000000,1.70522169245,0.473728422678,0.600000000000,0.400000000000,0.205954630386,-0.0670421760851,-0.00199896031848,-0.178290888632,-0.185268133521,0.00162167583969,0.216600921037,0.257127501641,1.70522169245,0.105779091749,true,0.00000000000,3.72382150486e-15,31.0000000000,1.00000000000
L1_Halo_10,L2_Lyapunov_10,2.00000000000,2.02626603094,0.345680210257,0.200000000000,0.200000000000,0.164044166583,0.0449319778422,0.00305852044395,-0.118860956305,0.129205654637,-0.00123077199758,0.170113861193,0.175566349064,2.02626603094,0.00500239025513,true,0.00000000000,2.24429412165e-12,37.0000000000,1.00000000000
L1_Halo_10,L2_Lyapunov_10,2.00000000000,2.34731036942,0.326338628676,0.200000000000,0.600000000000,0.00552435035135,0.199830014468,0.00212738654843,0.0234997525765,0.124215090607,0.000793144827002,0.199917680315,0.126420948361,2.34731036942,0.0118177742058,true,0.00000000000,8.05408609109e-14,43.0000000000,1.00000000000
L1_Halo_10,L2_Lyapunov_10,2.00000000000,2.66835470791,0.233149138443,0.200000000000,0.600000000000,0.126376108855,-0.0664140724624,0.000281002646058,-0.0816870541377,0.0386511185523,0.00161834962959,0.142764942731,0.0903841957123,2.66835470791,0.00530328725165,true,0.00000000000,4.96583367956e-13,49.0000000000,1.00000000000
L1_Halo_10,L2_Lyapunov_10,2.00000000000,2.98939904640,0.799763135921,0.800000000000,0.400000000000,-0.193173700628,0.346950407522,-0.00309034017684,-0.402476805177,-0.0117413438650,0.000440623005683,0.397114862598,0.402648273323,2.98939904640,0.00346180447762,false,0.00000000000,2.42475687242e-12,55.0000000000,1.00000000000